season,team,match_id,match_date,player_id,player_name,position,minutes,distance_km,sprints,high_intensity_runs,xg,xa,passes_attempted,pass_accuracy,duels,duels_won,yellow,red
2025-2026,TR_Club_A,M01,2025-08-11,P01,Player_01,AM,45,4.07,5,15,0.063,0.109,18,0.814,4,0,0,0
2025-2026,TR_Club_A,M01,2025-08-11,P02,Player_02,W,75,6.39,21,15,0.18,0.0,24,0.808,7,5,0,0
2025-2026,TR_Club_A,M01,2025-08-11,P03,Player_03,CM,89,9.17,3,25,0.0,0.118,56,0.895,5,2,0,0
2025-2026,TR_Club_A,M01,2025-08-11,P04,Player_04,ST,27,1.71,2,6,0.032,0.036,8,0.801,3,2,0,0
2025-2026,TR_Club_A,M01,2025-08-11,P05,Player_05,AM,65,4.32,1,10,0.0,0.137,15,0.781,7,2,0,0
2025-2026,TR_Club_A,M01,2025-08-11,P06,Player_06,CB,61,3.63,5,21,0.0,0.077,39,0.83,3,1,0,0
2025-2026,TR_Club_A,M01,2025-08-11,P07,Player_07,DM,21,2.15,1,8,0.029,0.048,15,0.878,3,0,0,0
2025-2026,TR_Club_A,M01,2025-08-11,P08,Player_08,ST,57,3.07,8,14,0.047,0.0,25,0.842,10,10,0,0
2025-2026,TR_Club_A,M01,2025-08-11,P09,Player_09,CM,75,7.1,6,25,0.069,0.147,47,0.852,3,0,0,0
2025-2026,TR_Club_A,M01,2025-08-11,P10,Player_10,DM,31,4.0,3,14,0.014,0.0,13,0.824,5,0,0,0
2025-2026,TR_Club_A,M01,2025-08-11,P11,Player_11,CB,0,0.0,0,0,0.0,0.0,0,0.0,0,0,0,0
2025-2026,TR_Club_A,M01,2025-08-11,P12,Player_12,GK,90,7.04,7,15,0.0,0.087,58,0.808,6,3,0,0
2025-2026,TR_Club_A,M01,2025-08-11,P13,Player_13,W,85,8.81,19,35,0.115,0.026,13,0.883,11,5,0,0
2025-2026,TR_Club_A,M01,2025-08-11,P14,Player_14,AM,0,0.0,0,0,0.0,0.0,0,0.0,0,0,0,0
2025-2026,TR_Club_A,M01,2025-08-11,P15,Player_15,FB,35,3.11,6,14,0.105,0.031,17,0.697,2,0,0,0
2025-2026,TR_Club_A,M01,2025-08-11,P16,Player_16,W,88,8.9,11,24,0.041,0.115,48,0.827,10,4,0,0
2025-2026,TR_Club_A,M01,2025-08-11,P17,Player_17,AM,22,1.64,2,6,0.098,0.083,5,0.786,0,0,1,0
2025-2026,TR_Club_A,M01,2025-08-11,P18,Player_18,DM,61,5.91,0,22,0.0,0.012,28,0.855,3,0,0,0
2025-2026,TR_Club_A,M01,2025-08-11,P19,Player_19,GK,0,0.0,0,0,0.0,0.0,0,0.0,0,0,0,0
2025-2026,TR_Club_A,M01,2025-08-11,P20,Player_20,CM,48,5.29,9,14,0.038,0.079,32,0.841,3,0,1,0
2025-2026,TR_Club_A,M02,2025-08-18,P01,Player_01,AM,58,4.73,7,21,0.076,0.119,23,0.8,3,2,0,0
2025-2026,TR_Club_A,M02,2025-08-18,P02,Player_02,W,62,5.83,9,11,0.167,0.121,29,0.713,6,4,0,0
2025-2026,TR_Club_A,M02,2025-08-18,P03,Player_03,CM,56,5.95,5,21,0.043,0.053,47,0.732,3,1,0,0
2025-2026,TR_Club_A,M02,2025-08-18,P04,Player_04,ST,23,2.19,0,8,0.054,0.016,4,0.783,3,2,0,0
2025-2026,TR_Club_A,M02,2025-08-18,P05,Player_05,AM,43,4.82,5,15,0.031,0.075,11,0.849,1,1,0,0
2025-2026,TR_Club_A,M02,2025-08-18,P06,Player_06,CB,61,5.89,9,8,0.062,0.0,32,0.936,8,2,0,0
2025-2026,TR_Club_A,M02,2025-08-18,P07,Player_07,DM,17,1.64,2,8,0.033,0.0,11,0.864,2,2,0,0
2025-2026,TR_Club_A,M02,2025-08-18,P08,Player_08,ST,73,6.71,9,25,0.147,0.123,41,0.812,8,4,0,0
2025-2026,TR_Club_A,M02,2025-08-18,P09,Player_09,CM,19,2.1,3,5,0.018,0.046,9,0.819,1,1,0,0
2025-2026,TR_Club_A,M02,2025-08-18,P10,Player_10,DM,78,8.81,18,28,0.0,0.2,41,0.865,12,3,0,0
2025-2026,TR_Club_A,M02,2025-08-18,P11,Player_11,CB,87,6.79,12,26,0.0,0.0,53,0.836,10,6,0,0
2025-2026,TR_Club_A,M02,2025-08-18,P12,Player_12,GK,60,4.52,8,12,0.052,0.06,31,0.78,5,2,1,0
2025-2026,TR_Club_A,M02,2025-08-18,P13,Player_13,W,17,1.22,2,1,0.004,0.042,5,0.81,1,1,1,0
2025-2026,TR_Club_A,M02,2025-08-18,P14,Player_14,AM,66,7.06,7,13,0.021,0.001,15,0.782,6,6,0,0
2025-2026,TR_Club_A,M02,2025-08-18,P15,Player_15,FB,50,4.76,9,11,0.117,0.005,14,0.747,2,1,0,0
2025-2026,TR_Club_A,M02,2025-08-18,P16,Player_16,W,30,2.53,3,11,0.02,0.087,13,0.793,2,2,0,0
2025-2026,TR_Club_A,M02,2025-08-18,P17,Player_17,AM,86,8.88,5,26,0.093,0.173,21,0.721,0,0,1,0
2025-2026,TR_Club_A,M02,2025-08-18,P18,Player_18,DM,21,1.95,2,7,0.015,0.021,15,0.843,3,0,0,0
2025-2026,TR_Club_A,M02,2025-08-18,P19,Player_19,GK,28,2.56,3,9,0.029,0.016,7,0.822,1,1,0,0
2025-2026,TR_Club_A,M02,2025-08-18,P20,Player_20,CM,55,5.58,8,12,0.036,0.0,19,0.928,5,1,0,0
2025-2026,TR_Club_A,M03,2025-08-24,P01,Player_01,AM,0,0.0,0,0,0.0,0.0,0,0.0,0,0,0,0
2025-2026,TR_Club_A,M03,2025-08-24,P02,Player_02,W,37,3.52,4,9,0.046,0.058,19,0.817,3,0,0,0
2025-2026,TR_Club_A,M03,2025-08-24,P03,Player_03,CM,26,3.21,2,13,0.014,0.062,16,0.873,3,0,0,0
2025-2026,TR_Club_A,M03,2025-08-24,P04,Player_04,ST,77,3.95,11,17,0.332,0.0,19,0.716,6,3,0,0
2025-2026,TR_Club_A,M03,2025-08-24,P05,Player_05,AM,59,4.45,8,19,0.096,0.135,25,0.902,4,1,0,0
2025-2026,TR_Club_A,M03,2025-08-24,P06,Player_06,CB,14,0.85,1,4,0.017,0.0,10,0.897,1,0,0,0
2025-2026,TR_Club_A,M03,2025-08-24,P07,Player_07,DM,55,6.0,3,22,0.0,0.124,45,0.847,6,0,0,0
2025-2026,TR_Club_A,M03,2025-08-24,P08,Player_08,ST,0,0.0,0,0,0.0,0.0,0,0.0,0,0,0,0
2025-2026,TR_Club_A,M03,2025-08-24,P09,Player_09,CM,10,0.94,1,5,0.0,0.011,9,0.777,0,0,0,0
2025-2026,TR_Club_A,M03,2025-08-24,P10,Player_10,DM,36,4.05,2,18,0.01,0.003,25,0.898,4,0,1,0
2025-2026,TR_Club_A,M03,2025-08-24,P11,Player_11,CB,89,4.74,12,18,0.0,0.14,57,0.829,14,6,1,0
2025-2026,TR_Club_A,M03,2025-08-24,P12,Player_12,GK,52,3.39,4,20,0.0,0.0,34,0.927,3,0,0,0
2025-2026,TR_Club_A,M03,2025-08-24,P13,Player_13,W,0,0.0,0,0,0.0,0.0,0,0.0,0,0,0,0
2025-2026,TR_Club_A,M03,2025-08-24,P14,Player_14,AM,12,0.83,1,5,0.016,0.016,4,0.831,0,0,0,0
2025-2026,TR_Club_A,M03,2025-08-24,P15,Player_15,FB,18,1.34,4,7,0.0,0.018,10,0.784,0,0,0,0
2025-2026,TR_Club_A,M03,2025-08-24,P16,Player_16,W,0,0.0,0,0,0.0,0.0,0,0.0,0,0,0,0
2025-2026,TR_Club_A,M03,2025-08-24,P17,Player_17,AM,0,0.0,0,0,0.0,0.0,0,0.0,0,0,0,0
2025-2026,TR_Club_A,M03,2025-08-24,P18,Player_18,DM,39,4.26,2,10,0.087,0.045,39,0.881,4,1,0,0
2025-2026,TR_Club_A,M03,2025-08-24,P19,Player_19,GK,0,0.0,0,0,0.0,0.0,0,0.0,0,0,0,0
2025-2026,TR_Club_A,M03,2025-08-24,P20,Player_20,CM,0,0.0,0,0,0.0,0.0,0,0.0,0,0,0,0
2025-2026,TR_Club_A,M04,2025-09-01,P01,Player_01,AM,35,2.9,3,10,0.027,0.095,0,0.759,1,0,1,0
2025-2026,TR_Club_A,M04,2025-09-01,P02,Player_02,W,18,1.87,3,3,0.019,0.051,4,0.754,1,0,0,1
2025-2026,TR_Club_A,M04,2025-09-01,P03,Player_03,CM,43,4.53,4,12,0.0,0.066,23,0.809,3,3,0,0
2025-2026,TR_Club_A,M04,2025-09-01,P04,Player_04,ST,79,7.24,10,27,0.099,0.0,36,0.803,10,4,0,1
2025-2026,TR_Club_A,M04,2025-09-01,P05,Player_05,AM,76,5.11,0,27,0.205,0.04,5,0.805,8,7,0,0
2025-2026,TR_Club_A,M04,2025-09-01,P06,Player_06,CB,0,0.0,0,0,0.0,0.0,0,0.0,0,0,0,0
2025-2026,TR_Club_A,M04,2025-09-01,P07,Player_07,DM,12,1.59,2,5,0.0,0.021,8,0.882,1,1,0,0
2025-2026,TR_Club_A,M04,2025-09-01,P08,Player_08,ST,69,5.06,5,11,0.346,0.186,42,0.813,10,5,0,0
2025-2026,TR_Club_A,M04,2025-09-01,P09,Player_09,CM,38,4.04,1,14,0.038,0.105,28,0.861,3,1,0,0
2025-2026,TR_Club_A,M04,2025-09-01,P10,Player_10,DM,68,6.04,9,28,0.0,0.044,52,0.913,9,4,0,0
2025-2026,TR_Club_A,M04,2025-09-01,P11,Player_11,CB,14,1.08,2,5,0.013,0.0,7,0.871,1,0,0,0
2025-2026,TR_Club_A,M04,2025-09-01,P12,Player_12,GK,72,4.81,8,21,0.0,0.018,45,0.742,0,0,0,0
2025-2026,TR_Club_A,M04,2025-09-01,P13,Player_13,W,82,8.62,4,25,0.262,0.034,26,0.762,3,0,0,0
2025-2026,TR_Club_A,M04,2025-09-01,P14,Player_14,AM,27,2.41,5,7,0.035,0.056,24,0.843,1,1,0,0
2025-2026,TR_Club_A,M04,2025-09-01,P15,Player_15,FB,89,7.95,19,34,0.139,0.111,5,0.833,4,0,0,0
2025-2026,TR_Club_A,M04,2025-09-01,P16,Player_16,W,48,3.41,8,10,0.05,0.095,10,0.836,3,0,0,0
2025-2026,TR_Club_A,M04,2025-09-01,P17,Player_17,AM,26,2.28,2,7,0.062,0.011,5,0.745,2,2,0,0
2025-2026,TR_Club_A,M04,2025-09-01,P18,Player_18,DM,70,6.87,6,27,0.049,0.136,34,0.817,8,1,0,0
2025-2026,TR_Club_A,M04,2025-09-01,P19,Player_19,GK,0,0.0,0,0,0.0,0.0,0,0.0,0,0,0,0
2025-2026,TR_Club_A,M04,2025-09-01,P20,Player_20,CM,59,6.05,2,23,0.0,0.0,39,0.888,3,3,0,0
2025-2026,TR_Club_A,M05,2025-09-07,P01,Player_01,AM,53,5.67,0,13,0.0,0.095,15,0.792,7,3,0,0
2025-2026,TR_Club_A,M05,2025-09-07,P02,Player_02,W,52,4.63,11,19,0.172,0.105,25,0.742,3,3,0,0
2025-2026,TR_Club_A,M05,2025-09-07,P03,Player_03,CM,84,10.21,10,30,0.131,0.0,56,0.678,1,1,0,0
2025-2026,TR_Club_A,M05,2025-09-07,P04,Player_04,ST,59,5.34,4,28,0.164,0.073,38,0.807,4,1,1,0
2025-2026,TR_Club_A,M05,2025-09-07,P05,Player_05,AM,81,8.2,9,20,0.079,0.155,39,0.75,3,3,0,0
2025-2026,TR_Club_A,M05,2025-09-07,P06,Player_06,CB,15,1.18,0,4,0.031,0.018,10,0.79,1,0,0,0
2025-2026,TR_Club_A,M05,2025-09-07,P07,Player_07,DM,0,0.0,0,0,0.0,0.0,0,0.0,0,0,0,0
2025-2026,TR_Club_A,M05,2025-09-07,P08,Player_08,ST,82,6.76,9,23,0.318,0.058,21,0.779,10,5,0,0
2025-2026,TR_Club_A,M05,2025-09-07,P09,Player_09,CM,55,6.36,7,15,0.167,0.012,18,0.808,2,1,0,0
2025-2026,TR_Club_A,M05,2025-09-07,P10,Player_10,DM,32,3.51,4,14,0.0,0.012,7,0.862,3,3,0,0
2025-2026,TR_Club_A,M05,2025-09-07,P11,Player_11,CB,64,5.04,5,17,0.155,0.01,47,0.894,5,4,0,0
2025-2026,TR_Club_A,M05,2025-09-07,P12,Player_12,GK,75,4.88,10,14,0.127,0.0,26,0.805,11,2,0,0
2025-2026,TR_Club_A,M05,2025-09-07,P13,Player_13,W,29,2.62,6,7,0.088,0.034,16,0.768,2,0,0,0
2025-2026,TR_Club_A,M05,2025-09-07,P14,Player_14,AM,66,4.89,6,8,0.0,0.127,40,0.94,3,3,1,0
2025-2026,TR_Club_A,M05,2025-09-07,P15,Player_15,FB,72,6.46,14,25,0.0,0.0,35,0.786,4,2,0,0
2025-2026,TR_Club_A,M05,2025-09-07,P16,Player_16,W,0,0.0,0,0,0.0,0.0,0,0.0,0,0,0,0
2025-2026,TR_Club_A,M05,2025-09-07,P17,Player_17,AM,65,6.62,11,24,0.125,0.152,30,0.745,6,0,0,0
2025-2026,TR_Club_A,M05,2025-09-07,P18,Player_18,DM,68,8.53,6,19,0.054,0.061,42,0.917,6,3,1,0
2025-2026,TR_Club_A,M05,2025-09-07,P19,Player_19,GK,17,1.17,1,4,0.059,0.011,5,0.695,0,0,0,0
2025-2026,TR_Club_A,M05,2025-09-07,P20,Player_20,CM,45,5.52,5,17,0.045,0.035,40,0.744,0,0,0,0
2025-2026,TR_Club_A,M06,2025-09-13,P01,Player_01,AM,37,3.79,6,10,0.089,0.073,10,0.835,3,1,0,0
2025-2026,TR_Club_A,M06,2025-09-13,P02,Player_02,W,24,1.75,4,6,0.0,0.014,5,0.923,3,0,1,0
2025-2026,TR_Club_A,M06,2025-09-13,P03,Player_03,CM,60,5.54,6,14,0.006,0.057,40,0.881,2,2,0,0
2025-2026,TR_Club_A,M06,2025-09-13,P04,Player_04,ST,31,1.67,2,9,0.111,0.019,19,0.85,3,3,0,0
2025-2026,TR_Club_A,M06,2025-09-13,P05,Player_05,AM,34,3.7,1,5,0.016,0.073,12,0.767,1,0,1,0
2025-2026,TR_Club_A,M06,2025-09-13,P06,Player_06,CB,65,5.46,5,16,0.01,0.0,24,0.769,2,0,0,0
2025-2026,TR_Club_A,M06,2025-09-13,P07,Player_07,DM,66,7.66,4,28,0.137,0.009,46,0.888,6,0,0,0
2025-2026,TR_Club_A,M06,2025-09-13,P08,Player_08,ST,0,0.0,0,0,0.0,0.0,0,0.0,0,0,0,0
2025-2026,TR_Club_A,M06,2025-09-13,P09,Player_09,CM,52,5.51,7,23,0.165,0.114,23,0.944,3,3,0,0
2025-2026,TR_Club_A,M06,2025-09-13,P10,Player_10,DM,0,0.0,0,0,0.0,0.0,0,0.0,0,0,0,0
2025-2026,TR_Club_A,M06,2025-09-13,P11,Player_11,CB,88,5.42,11,18,0.024,0.144,53,0.947,8,6,0,0
2025-2026,TR_Club_A,M06,2025-09-13,P12,Player_12,GK,56,4.01,5,11,0.112,0.084,27,0.877,7,2,0,0
2025-2026,TR_Club_A,M06,2025-09-13,P13,Player_13,W,59,6.52,12,15,0.159,0.0,3,0.84,4,2,0,0
2025-2026,TR_Club_A,M06,2025-09-13,P14,Player_14,AM,13,1.3,1,3,0.008,0.0,5,0.842,0,0,0,0
2025-2026,TR_Club_A,M06,2025-09-13,P15,Player_15,FB,0,0.0,0,0,0.0,0.0,0,0.0,0,0,0,0
2025-2026,TR_Club_A,M06,2025-09-13,P16,Player_16,W,50,4.28,3,9,0.138,0.0,16,0.741,5,1,0,0
2025-2026,TR_Club_A,M06,2025-09-13,P17,Player_17,AM,0,0.0,0,0,0.0,0.0,0,0.0,0,0,0,0
2025-2026,TR_Club_A,M06,2025-09-13,P18,Player_18,DM,49,5.95,3,16,0.053,0.0,31,0.908,5,0,0,0
2025-2026,TR_Club_A,M06,2025-09-13,P19,Player_19,GK,25,2.1,3,7,0.09,0.032,12,0.936,1,0,0,0
2025-2026,TR_Club_A,M06,2025-09-13,P20,Player_20,CM,17,1.56,4,7,0.002,0.031,10,0.847,1,0,0,0
2025-2026,TR_Club_A,M07,2025-09-22,P01,Player_01,AM,85,7.13,7,20,0.066,0.106,46,0.713,9,3,0,0
2025-2026,TR_Club_A,M07,2025-09-22,P02,Player_02,W,22,2.32,5,3,0.049,0.047,2,0.799,1,1,0,0
2025-2026,TR_Club_A,M07,2025-09-22,P03,Player_03,CM,0,0.0,0,0,0.0,0.0,0,0.0,0,0,0,0
2025-2026,TR_Club_A,M07,2025-09-22,P04,Player_04,ST,79,3.86,9,30,0.105,0.091,18,0.766,12,5,0,0
2025-2026,TR_Club_A,M07,2025-09-22,P05,Player_05,AM,0,0.0,0,0,0.0,0.0,0,0.0,0,0,0,0
2025-2026,TR_Club_A,M07,2025-09-22,P06,Player_06,CB,0,0.0,0,0,0.0,0.0,0,0.0,0,0,0,0
2025-2026,TR_Club_A,M07,2025-09-22,P07,Player_07,DM,41,4.22,3,13,0.084,0.044,29,0.86,5,1,0,0
2025-2026,TR_Club_A,M07,2025-09-22,P08,Player_08,ST,0,0.0,0,0,0.0,0.0,0,0.0,0,0,0,0
2025-2026,TR_Club_A,M07,2025-09-22,P09,Player_09,CM,42,4.98,4,15,0.035,0.051,35,0.869,1,1,0,0
2025-2026,TR_Club_A,M07,2025-09-22,P10,Player_10,DM,45,4.59,2,14,0.0,0.047,26,0.838,0,0,0,0
2025-2026,TR_Club_A,M07,2025-09-22,P11,Player_11,CB,69,6.31,7,20,0.291,0.17,38,0.83,6,4,0,0
2025-2026,TR_Club_A,M07,2025-09-22,P12,Player_12,GK,58,4.1,13,16,0.203,0.068,31,0.764,2,1,0,0
2025-2026,TR_Club_A,M07,2025-09-22,P13,Player_13,W,49,3.42,4,14,0.128,0.081,0,0.79,3,3,0,0
2025-2026,TR_Club_A,M07,2025-09-22,P14,Player_14,AM,47,4.46,6,13,0.073,0.119,11,0.844,1,1,0,0
2025-2026,TR_Club_A,M07,2025-09-22,P15,Player_15,FB,67,5.0,12,19,0.103,0.0,34,0.741,3,0,0,0
2025-2026,TR_Club_A,M07,2025-09-22,P16,Player_16,W,54,5.16,4,14,0.204,0.098,21,0.827,5,0,0,0
2025-2026,TR_Club_A,M07,2025-09-22,P17,Player_17,AM,0,0.0,0,0,0.0,0.0,0,0.0,0,0,0,0
2025-2026,TR_Club_A,M07,2025-09-22,P18,Player_18,DM,0,0.0,0,0,0.0,0.0,0,0.0,0,0,0,0
2025-2026,TR_Club_A,M07,2025-09-22,P19,Player_19,GK,0,0.0,0,0,0.0,0.0,0,0.0,0,0,0,0
2025-2026,TR_Club_A,M07,2025-09-22,P20,Player_20,CM,71,7.33,0,31,0.131,0.08,55,0.802,10,3,0,0
2025-2026,TR_Club_A,M08,2025-09-28,P01,Player_01,AM,0,0.0,0,0,0.0,0.0,0,0.0,0,0,0,0
2025-2026,TR_Club_A,M08,2025-09-28,P02,Player_02,W,16,1.47,3,6,0.013,0.0,4,0.828,1,0,1,0
2025-2026,TR_Club_A,M08,2025-09-28,P03,Player_03,CM,14,1.36,0,6,0.031,0.009,7,0.867,0,0,0,0
2025-2026,TR_Club_A,M08,2025-09-28,P04,Player_04,ST,0,0.0,0,0,0.0,0.0,0,0.0,0,0,0,0
2025-2026,TR_Club_A,M08,2025-09-28,P05,Player_05,AM,77,6.87,7,23,0.084,0.004,13,0.801,8,0,1,0
2025-2026,TR_Club_A,M08,2025-09-28,P06,Player_06,CB,69,4.34,7,9,0.0,0.126,30,0.837,4,0,0,0
2025-2026,TR_Club_A,M08,2025-09-28,P07,Player_07,DM,0,0.0,0,0,0.0,0.0,0,0.0,0,0,0,0
2025-2026,TR_Club_A,M08,2025-09-28,P08,Player_08,ST,0,0.0,0,0,0.0,0.0,0,0.0,0,0,0,0
2025-2026,TR_Club_A,M08,2025-09-28,P09,Player_09,CM,75,9.05,13,19,0.052,0.172,52,0.87,5,1,0,0
2025-2026,TR_Club_A,M08,2025-09-28,P10,Player_10,DM,32,3.09,4,20,0.0,0.036,15,0.889,3,3,0,0
2025-2026,TR_Club_A,M08,2025-09-28,P11,Player_11,CB,0,0.0,0,0,0.0,0.0,0,0.0,0,0,0,0
2025-2026,TR_Club_A,M08,2025-09-28,P12,Player_12,GK,20,1.73,0,4,0.026,0.015,8,0.854,0,0,0,0
2025-2026,TR_Club_A,M08,2025-09-28,P13,Player_13,W,13,0.74,3,1,0.015,0.02,7,0.791,0,0,0,0
2025-2026,TR_Club_A,M08,2025-09-28,P14,Player_14,AM,76,6.52,1,23,0.0,0.19,31,0.919,3,1,0,0
2025-2026,TR_Club_A,M08,2025-09-28,P15,Player_15,FB,58,5.16,12,18,0.058,0.0,23,0.823,4,0,0,0
2025-2026,TR_Club_A,M08,2025-09-28,P16,Player_16,W,43,3.66,5,8,0.017,0.13,12,0.832,2,1,0,0
2025-2026,TR_Club_A,M08,2025-09-28,P17,Player_17,AM,39,3.39,1,8,0.0,0.083,12,0.919,0,0,0,0
2025-2026,TR_Club_A,M08,2025-09-28,P18,Player_18,DM,70,5.22,8,39,0.035,0.075,54,0.852,6,0,0,0
2025-2026,TR_Club_A,M08,2025-09-28,P19,Player_19,GK,0,0.0,0,0,0.0,0.0,0,0.0,0,0,0,0
2025-2026,TR_Club_A,M08,2025-09-28,P20,Player_20,CM,77,6.75,13,20,0.018,0.224,61,0.865,3,0,0,0
2025-2026,TR_Club_A,M09,2025-10-04,P01,Player_01,AM,0,0.0,0,0,0.0,0.0,0,0.0,0,0,0,0
2025-2026,TR_Club_A,M09,2025-10-04,P02,Player_02,W,23,1.89,5,3,0.02,0.017,9,0.781,2,2,0,0
2025-2026,TR_Club_A,M09,2025-10-04,P03,Player_03,CM,0,0.0,0,0,0.0,0.0,0,0.0,0,0,0,0
2025-2026,TR_Club_A,M09,2025-10-04,P04,Player_04,ST,70,4.33,5,15,0.142,0.14,34,0.885,13,4,0,0
2025-2026,TR_Club_A,M09,2025-10-04,P05,Player_05,AM,27,2.17,1,4,0.025,0.008,14,0.754,4,1,0,0
2025-2026,TR_Club_A,M09,2025-10-04,P06,Player_06,CB,16,1.22,0,4,0.0,0.038,11,0.865,0,0,0,0
2025-2026,TR_Club_A,M09,2025-10-04,P07,Player_07,DM,0,0.0,0,0,0.0,0.0,0,0.0,0,0,0,0
2025-2026,TR_Club_A,M09,2025-10-04,P08,Player_08,ST,60,3.01,6,18,0.143,0.0,20,0.784,6,1,0,0
2025-2026,TR_Club_A,M09,2025-10-04,P09,Player_09,CM,42,4.2,4,9,0.073,0.033,25,0.908,0,0,0,0
2025-2026,TR_Club_A,M09,2025-10-04,P10,Player_10,DM,61,6.06,9,28,0.107,0.03,15,0.898,9,5,0,0
2025-2026,TR_Club_A,M09,2025-10-04,P11,Player_11,CB,29,1.76,2,9,0.034,0.0,19,0.889,3,1,0,0
2025-2026,TR_Club_A,M09,2025-10-04,P12,Player_12,GK,89,5.73,9,31,0.0,0.0,4,0.802,3,0,0,0
2025-2026,TR_Club_A,M09,2025-10-04,P13,Player_13,W,82,8.02,18,17,0.073,0.232,37,0.73,8,1,1,0
2025-2026,TR_Club_A,M09,2025-10-04,P14,Player_14,AM,0,0.0,0,0,0.0,0.0,0,0.0,0,0,0,0
2025-2026,TR_Club_A,M09,2025-10-04,P15,Player_15,FB,0,0.0,0,0,0.0,0.0,0,0.0,0,0,0,0
2025-2026,TR_Club_A,M09,2025-10-04,P16,Player_16,W,32,2.6,5,5,0.0,0.0,16,0.89,4,0,1,0
2025-2026,TR_Club_A,M09,2025-10-04,P17,Player_17,AM,39,2.42,4,7,0.054,0.0,18,0.851,2,0,0,0
2025-2026,TR_Club_A,M09,2025-10-04,P18,Player_18,DM,11,0.93,1,3,0.0,0.002,8,0.89,1,1,0,0
2025-2026,TR_Club_A,M09,2025-10-04,P19,Player_19,GK,0,0.0,0,0,0.0,0.0,0,0.0,0,0,0,0
2025-2026,TR_Club_A,M09,2025-10-04,P20,Player_20,CM,0,0.0,0,0,0.0,0.0,0,0.0,0,0,0,0
2025-2026,TR_Club_A,M10,2025-10-12,P01,Player_01,AM,14,0.68,1,5,0.01,0.001,2,0.851,0,0,0,0
2025-2026,TR_Club_A,M10,2025-10-12,P02,Player_02,W,0,0.0,0,0,0.0,0.0,0,0.0,0,0,0,0
2025-2026,TR_Club_A,M10,2025-10-12,P03,Player_03,CM,59,4.88,5,18,0.167,0.0,51,0.858,2,0,0,0
2025-2026,TR_Club_A,M10,2025-10-12,P04,Player_04,ST,17,0.73,1,1,0.03,0.0,4,0.9,1,1,0,0
2025-2026,TR_Club_A,M10,2025-10-12,P05,Player_05,AM,66,4.97,10,11,0.048,0.067,27,0.768,4,1,0,0
2025-2026,TR_Club_A,M10,2025-10-12,P06,Player_06,CB,46,3.06,7,11,0.032,0.041,41,0.793,6,0,1,0
2025-2026,TR_Club_A,M10,2025-10-12,P07,Player_07,DM,21,2.26,1,8,0.016,0.0,11,0.87,1,0,0,0
2025-2026,TR_Club_A,M10,2025-10-12,P08,Player_08,ST,0,0.0,0,0,0.0,0.0,0,0.0,0,0,0,0
2025-2026,TR_Club_A,M10,2025-10-12,P09,Player_09,CM,83,9.1,8,28,0.337,0.023,41,0.882,7,0,0,0
2025-2026,TR_Club_A,M10,2025-10-12,P10,Player_10,DM,33,4.01,4,9,0.115,0.05,20,0.94,3,1,0,0
2025-2026,TR_Club_A,M10,2025-10-12,P11,Player_11,CB,0,0.0,0,0,0.0,0.0,0,0.0,0,0,0,0
2025-2026,TR_Club_A,M10,2025-10-12,P12,Player_12,GK,81,4.41,2,26,0.0,0.081,25,0.865,4,3,1,0
2025-2026,TR_Club_A,M10,2025-10-12,P13,Player_13,W,50,4.14,12,9,0.075,0.135,24,0.896,2,0,0,0
2025-2026,TR_Club_A,M10,2025-10-12,P14,Player_14,AM,13,0.96,1,2,0.035,0.063,5,0.829,0,0,0,0
2025-2026,TR_Club_A,M10,2025-10-12,P15,Player_15,FB,0,0.0,0,0,0.0,0.0,0,0.0,0,0,0,0
2025-2026,TR_Club_A,M10,2025-10-12,P16,Player_16,W,82,6.95,15,29,0.088,0.185,29,0.783,2,0,0,0
2025-2026,TR_Club_A,M10,2025-10-12,P17,Player_17,AM,32,2.83,3,2,0.0,0.068,14,0.742,2,2,0,0
2025-2026,TR_Club_A,M10,2025-10-12,P18,Player_18,DM,25,2.43,3,10,0.049,0.023,18,0.865,3,3,0,0
2025-2026,TR_Club_A,M10,2025-10-12,P19,Player_19,GK,0,0.0,0,0,0.0,0.0,0,0.0,0,0,0,0
2025-2026,TR_Club_A,M10,2025-10-12,P20,Player_20,CM,20,2.04,1,10,0.0,0.0,12,0.88,1,1,0,0
2025-2026,TR_Club_A,M11,2025-10-20,P01,Player_01,AM,12,1.08,1,3,0.026,0.027,4,0.76,0,0,0,0
2025-2026,TR_Club_A,M11,2025-10-20,P02,Player_02,W,54,5.57,11,26,0.033,0.109,13,0.782,4,3,0,0
2025-2026,TR_Club_A,M11,2025-10-20,P03,Player_03,CM,43,4.35,11,18,0.007,0.0,19,0.907,2,1,0,0
2025-2026,TR_Club_A,M11,2025-10-20,P04,Player_04,ST,42,3.16,6,12,0.071,0.064,11,0.774,3,3,0,0
2025-2026,TR_Club_A,M11,2025-10-20,P05,Player_05,AM,85,10.74,1,18,0.025,0.061,17,0.785,3,2,0,0
2025-2026,TR_Club_A,M11,2025-10-20,P06,Player_06,CB,57,3.83,13,17,0.0,0.0,18,0.861,6,2,0,0
2025-2026,TR_Club_A,M11,2025-10-20,P07,Player_07,DM,13,1.21,0,5,0.017,0.0,7,0.861,1,0,0,0
2025-2026,TR_Club_A,M11,2025-10-20,P08,Player_08,ST,33,2.86,3,7,0.111,0.048,10,0.84,4,4,0,0
2025-2026,TR_Club_A,M11,2025-10-20,P09,Player_09,CM,57,6.03,6,18,0.0,0.05,27,0.864,2,0,1,0
2025-2026,TR_Club_A,M11,2025-10-20,P10,Player_10,DM,22,2.4,3,6,0.0,0.056,10,0.808,2,0,0,0
2025-2026,TR_Club_A,M11,2025-10-20,P11,Player_11,CB,0,0.0,0,0,0.0,0.0,0,0.0,0,0,0,0
2025-2026,TR_Club_A,M11,2025-10-20,P12,Player_12,GK,79,6.22,6,10,0.009,0.057,46,0.748,5,3,0,0
2025-2026,TR_Club_A,M11,2025-10-20,P13,Player_13,W,73,6.73,18,23,0.0,0.058,30,0.79,6,4,0,0
2025-2026,TR_Club_A,M11,2025-10-20,P14,Player_14,AM,52,4.31,6,9,0.102,0.139,21,0.647,1,1,0,0
2025-2026,TR_Club_A,M11,2025-10-20,P15,Player_15,FB,22,2.28,4,9,0.035,0.034,16,0.849,0,0,1,0
2025-2026,TR_Club_A,M11,2025-10-20,P16,Player_16,W,40,4.18,10,20,0.004,0.044,13,0.775,1,0,0,0
2025-2026,TR_Club_A,M11,2025-10-20,P17,Player_17,AM,81,7.21,14,24,0.179,0.16,49,0.803,7,4,0,0
2025-2026,TR_Club_A,M11,2025-10-20,P18,Player_18,DM,49,5.0,6,24,0.129,0.039,10,0.886,1,1,0,0
2025-2026,TR_Club_A,M11,2025-10-20,P19,Player_19,GK,0,0.0,0,0,0.0,0.0,0,0.0,0,0,0,0
2025-2026,TR_Club_A,M11,2025-10-20,P20,Player_20,CM,19,2.03,5,8,0.048,0.033,16,0.85,0,0,0,0
2025-2026,TR_Club_A,M12,2025-10-25,P01,Player_01,AM,13,1.04,2,4,0.026,0.031,4,0.81,0,0,0,0
2025-2026,TR_Club_A,M12,2025-10-25,P02,Player_02,W,53,5.82,7,13,0.093,0.237,33,0.856,3,0,0,0
2025-2026,TR_Club_A,M12,2025-10-25,P03,Player_03,CM,85,8.84,16,30,0.0,0.114,42,0.862,6,2,0,0
2025-2026,TR_Club_A,M12,2025-10-25,P04,Player_04,ST,84,5.38,1,28,0.359,0.061,5,0.835,4,2,0,0
2025-2026,TR_Club_A,M12,2025-10-25,P05,Player_05,AM,66,5.71,4,21,0.034,0.182,28,0.765,3,0,0,0
2025-2026,TR_Club_A,M12,2025-10-25,P06,Player_06,CB,0,0.0,0,0,0.0,0.0,0,0.0,0,0,0,0
2025-2026,TR_Club_A,M12,2025-10-25,P07,Player_07,DM,24,2.07,4,12,0.003,0.002,17,0.744,1,0,0,0
2025-2026,TR_Club_A,M12,2025-10-25,P08,Player_08,ST,27,2.36,6,6,0.074,0.076,3,0.851,2,1,0,0
2025-2026,TR_Club_A,M12,2025-10-25,P09,Player_09,CM,84,7.77,10,40,0.079,0.072,59,0.811,8,5,0,0
2025-2026,TR_Club_A,M12,2025-10-25,P10,Player_10,DM,59,6.83,9,20,0.034,0.081,27,0.839,6,5,0,0
2025-2026,TR_Club_A,M12,2025-10-25,P11,Player_11,CB,66,3.61,6,11,0.011,0.0,35,0.926,8,4,0,0
2025-2026,TR_Club_A,M12,2025-10-25,P12,Player_12,GK,0,0.0,0,0,0.0,0.0,0,0.0,0,0,0,0
2025-2026,TR_Club_A,M12,2025-10-25,P13,Player_13,W,28,1.73,5,9,0.021,0.103,6,0.811,2,0,0,0
2025-2026,TR_Club_A,M12,2025-10-25,P14,Player_14,AM,52,4.62,8,11,0.111,0.043,29,0.911,3,0,0,0
2025-2026,TR_Club_A,M12,2025-10-25,P15,Player_15,FB,37,3.41,9,15,0.101,0.067,23,0.818,3,0,1,0
2025-2026,TR_Club_A,M12,2025-10-25,P16,Player_16,W,16,1.45,2,4,0.048,0.037,1,0.789,2,0,0,0
2025-2026,TR_Club_A,M12,2025-10-25,P17,Player_17,AM,90,7.92,8,33,0.035,0.265,43,0.812,7,3,0,0
2025-2026,TR_Club_A,M12,2025-10-25,P18,Player_18,DM,0,0.0,0,0,0.0,0.0,0,0.0,0,0,0,0
2025-2026,TR_Club_A,M12,2025-10-25,P19,Player_19,GK,0,0.0,0,0,0.0,0.0,0,0.0,0,0,0,0
2025-2026,TR_Club_A,M12,2025-10-25,P20,Player_20,CM,52,5.46,4,18,0.198,0.0,36,0.776,3,0,0,0
2025-2026,TR_Club_A,M13,2025-11-02,P01,Player_01,AM,46,2.8,7,18,0.143,0.095,18,0.866,6,5,0,0
2025-2026,TR_Club_A,M13,2025-11-02,P02,Player_02,W,37,3.52,12,12,0.114,0.069,13,0.819,1,0,0,0
2025-2026,TR_Club_A,M13,2025-11-02,P03,Player_03,CM,37,4.38,3,15,0.064,0.07,23,0.931,3,2,0,0
2025-2026,TR_Club_A,M13,2025-11-02,P04,Player_04,ST,28,1.42,1,10,0.088,0.0,15,0.773,4,1,0,0
2025-2026,TR_Club_A,M13,2025-11-02,P05,Player_05,AM,75,5.67,7,26,0.0,0.0,39,0.77,4,0,0,0
2025-2026,TR_Club_A,M13,2025-11-02,P06,Player_06,CB,73,6.89,5,15,0.231,0.074,37,0.852,11,8,0,0
2025-2026,TR_Club_A,M13,2025-11-02,P07,Player_07,DM,76,7.02,8,29,0.2,0.161,42,0.849,10,4,0,0
2025-2026,TR_Club_A,M13,2025-11-02,P08,Player_08,ST,55,5.03,5,23,0.115,0.061,43,0.747,2,2,0,0
2025-2026,TR_Club_A,M13,2025-11-02,P09,Player_09,CM,0,0.0,0,0,0.0,0.0,0,0.0,0,0,0,0
2025-2026,TR_Club_A,M13,2025-11-02,P10,Player_10,DM,67,7.47,3,21,0.043,0.0,36,0.866,6,2,1,0
2025-2026,TR_Club_A,M13,2025-11-02,P11,Player_11,CB,12,0.79,1,3,0.019,0.03,8,0.771,1,1,0,0
2025-2026,TR_Club_A,M13,2025-11-02,P12,Player_12,GK,0,0.0,0,0,0.0,0.0,0,0.0,0,0,0,0
2025-2026,TR_Club_A,M13,2025-11-02,P13,Player_13,W,37,3.17,10,3,0.0,0.019,13,0.782,4,3,0,0
2025-2026,TR_Club_A,M13,2025-11-02,P14,Player_14,AM,70,7.02,3,24,0.188,0.133,25,0.82,0,0,0,0
2025-2026,TR_Club_A,M13,2025-11-02,P15,Player_15,FB,84,7.38,11,31,0.101,0.076,34,0.852,3,1,0,0
2025-2026,TR_Club_A,M13,2025-11-02,P16,Player_16,W,29,2.43,4,7,0.103,0.008,5,0.735,3,0,0,0
2025-2026,TR_Club_A,M13,2025-11-02,P17,Player_17,AM,65,5.57,16,26,0.0,0.155,16,0.711,7,5,0,0
2025-2026,TR_Club_A,M13,2025-11-02,P18,Player_18,DM,26,2.38,3,9,0.0,0.024,20,0.8,3,2,0,0
2025-2026,TR_Club_A,M13,2025-11-02,P19,Player_19,GK,0,0.0,0,0,0.0,0.0,0,0.0,0,0,0,0
2025-2026,TR_Club_A,M13,2025-11-02,P20,Player_20,CM,80,7.87,5,18,0.276,0.136,59,0.908,7,3,0,0
2025-2026,TR_Club_A,M14,2025-11-08,P01,Player_01,AM,59,4.88,8,11,0.184,0.055,27,0.853,5,2,0,0
2025-2026,TR_Club_A,M14,2025-11-08,P02,Player_02,W,13,1.08,3,3,0.001,0.014,7,0.834,1,0,0,0
2025-2026,TR_Club_A,M14,2025-11-08,P03,Player_03,CM,77,9.03,4,24,0.097,0.208,22,0.874,2,0,0,0
2025-2026,TR_Club_A,M14,2025-11-08,P04,Player_04,ST,20,1.45,1,2,0.076,0.032,10,0.723,2,2,0,0
2025-2026,TR_Club_A,M14,2025-11-08,P05,Player_05,AM,81,9.28,1,40,0.0,0.223,44,0.75,7,3,0,0
2025-2026,TR_Club_A,M14,2025-11-08,P06,Player_06,CB,0,0.0,0,0,0.0,0.0,0,0.0,0,0,0,0
2025-2026,TR_Club_A,M14,2025-11-08,P07,Player_07,DM,0,0.0,0,0,0.0,0.0,0,0.0,0,0,0,0
2025-2026,TR_Club_A,M14,2025-11-08,P08,Player_08,ST,89,5.19,7,19,0.341,0.166,32,0.872,13,7,0,0
2025-2026,TR_Club_A,M14,2025-11-08,P09,Player_09,CM,80,8.08,4,20,0.156,0.0,89,0.806,2,2,0,0
2025-2026,TR_Club_A,M14,2025-11-08,P10,Player_10,DM,23,1.86,1,6,0.0,0.021,5,0.794,2,0,0,0
2025-2026,TR_Club_A,M14,2025-11-08,P11,Player_11,CB,53,4.63,5,16,0.095,0.05,28,0.843,4,2,1,0
2025-2026,TR_Club_A,M14,2025-11-08,P12,Player_12,GK,0,0.0,0,0,0.0,0.0,0,0.0,0,0,0,0
2025-2026,TR_Club_A,M14,2025-11-08,P13,Player_13,W,74,7.54,15,14,0.162,0.077,11,0.851,4,1,0,0
2025-2026,TR_Club_A,M14,2025-11-08,P14,Player_14,AM,42,4.04,3,18,0.047,0.0,18,0.897,5,5,0,0
2025-2026,TR_Club_A,M14,2025-11-08,P15,Player_15,FB,76,6.98,9,25,0.016,0.135,39,0.814,2,0,0,0
2025-2026,TR_Club_A,M14,2025-11-08,P16,Player_16,W,60,4.73,2,7,0.18,0.073,15,0.882,7,3,0,0
2025-2026,TR_Club_A,M14,2025-11-08,P17,Player_17,AM,77,8.49,10,26,0.206,0.028,39,0.785,0,0,0,0
2025-2026,TR_Club_A,M14,2025-11-08,P18,Player_18,DM,41,5.39,1,15,0.062,0.0,25,0.78,6,1,0,1
2025-2026,TR_Club_A,M14,2025-11-08,P19,Player_19,GK,31,2.22,3,7,0.039,0.035,8,0.794,1,1,0,0
2025-2026,TR_Club_A,M14,2025-11-08,P20,Player_20,CM,12,1.06,1,4,0.039,0.012,10,0.892,1,0,0,0
2025-2026,TR_Club_A,M15,2025-11-17,P01,Player_01,AM,73,5.31,17,25,0.049,0.223,36,0.898,1,0,0,0
2025-2026,TR_Club_A,M15,2025-11-17,P02,Player_02,W,72,7.11,23,17,0.04,0.129,39,0.772,4,4,0,0
2025-2026,TR_Club_A,M15,2025-11-17,P03,Player_03,CM,0,0.0,0,0,0.0,0.0,0,0.0,0,0,0,0
2025-2026,TR_Club_A,M15,2025-11-17,P04,Player_04,ST,31,2.41,2,8,0.087,0.049,5,0.758,3,1,0,0
2025-2026,TR_Club_A,M15,2025-11-17,P05,Player_05,AM,45,4.29,5,12,0.0,0.071,26,0.794,2,0,0,0
2025-2026,TR_Club_A,M15,2025-11-17,P06,Player_06,CB,25,1.98,4,10,0.061,0.0,11,0.856,2,0,0,0
2025-2026,TR_Club_A,M15,2025-11-17,P07,Player_07,DM,66,8.0,8,40,0.088,0.03,40,0.873,8,8,1,0
2025-2026,TR_Club_A,M15,2025-11-17,P08,Player_08,ST,13,0.67,2,5,0.021,0.01,1,0.737,1,0,0,0
2025-2026,TR_Club_A,M15,2025-11-17,P09,Player_09,CM,73,8.43,3,22,0.096,0.135,59,0.827,7,2,1,0
2025-2026,TR_Club_A,M15,2025-11-17,P10,Player_10,DM,0,0.0,0,0,0.0,0.0,0,0.0,0,0,0,0
2025-2026,TR_Club_A,M15,2025-11-17,P11,Player_11,CB,0,0.0,0,0,0.0,0.0,0,0.0,0,0,0,0
2025-2026,TR_Club_A,M15,2025-11-17,P12,Player_12,GK,0,0.0,0,0,0.0,0.0,0,0.0,0,0,0,0
2025-2026,TR_Club_A,M15,2025-11-17,P13,Player_13,W,84,8.32,17,13,0.002,0.162,49,0.881,8,4,0,0
2025-2026,TR_Club_A,M15,2025-11-17,P14,Player_14,AM,29,2.09,3,8,0.059,0.066,12,0.828,2,1,0,0
2025-2026,TR_Club_A,M15,2025-11-17,P15,Player_15,FB,0,0.0,0,0,0.0,0.0,0,0.0,0,0,0,0
2025-2026,TR_Club_A,M15,2025-11-17,P16,Player_16,W,54,4.42,7,21,0.137,0.122,38,0.791,9,4,0,0
2025-2026,TR_Club_A,M15,2025-11-17,P17,Player_17,AM,53,4.63,11,15,0.078,0.035,24,0.793,3,0,0,0
2025-2026,TR_Club_A,M15,2025-11-17,P18,Player_18,DM,75,7.22,8,32,0.139,0.115,37,0.877,6,1,0,0
2025-2026,TR_Club_A,M15,2025-11-17,P19,Player_19,GK,34,2.9,3,11,0.0,0.059,14,0.831,3,0,0,0
2025-2026,TR_Club_A,M15,2025-11-17,P20,Player_20,CM,37,4.25,1,11,0.005,0.014,14,0.789,1,0,0,0
2025-2026,TR_Club_A,M16,2025-11-23,P01,Player_01,AM,0,0.0,0,0,0.0,0.0,0,0.0,0,0,0,0
2025-2026,TR_Club_A,M16,2025-11-23,P02,Player_02,W,56,4.55,14,14,0.145,0.12,18,0.824,4,4,0,0
2025-2026,TR_Club_A,M16,2025-11-23,P03,Player_03,CM,67,7.7,3,32,0.116,0.0,54,0.95,7,6,0,0
2025-2026,TR_Club_A,M16,2025-11-23,P04,Player_04,ST,20,1.29,1,5,0.072,0.0,6,0.875,1,1,0,0
2025-2026,TR_Club_A,M16,2025-11-23,P05,Player_05,AM,12,1.19,1,2,0.031,0.009,5,0.813,1,1,0,0
2025-2026,TR_Club_A,M16,2025-11-23,P06,Player_06,CB,85,7.44,9,12,0.204,0.031,56,0.828,14,5,0,0
2025-2026,TR_Club_A,M16,2025-11-23,P07,Player_07,DM,42,4.62,8,14,0.069,0.0,25,0.844,3,3,0,0
2025-2026,TR_Club_A,M16,2025-11-23,P08,Player_08,ST,52,2.97,8,4,0.091,0.017,35,0.838,4,4,0,0
2025-2026,TR_Club_A,M16,2025-11-23,P09,Player_09,CM,19,2.28,1,5,0.016,0.021,10,0.888,1,1,0,0
2025-2026,TR_Club_A,M16,2025-11-23,P10,Player_10,DM,59,6.66,13,27,0.142,0.248,41,0.884,7,1,0,0
2025-2026,TR_Club_A,M16,2025-11-23,P11,Player_11,CB,10,0.7,1,3,0.023,0.006,4,0.917,1,0,0,0
2025-2026,TR_Club_A,M16,2025-11-23,P12,Player_12,GK,52,3.95,7,14,0.011,0.025,20,0.798,0,0,0,0
2025-2026,TR_Club_A,M16,2025-11-23,P13,Player_13,W,77,7.35,10,10,0.05,0.194,51,0.839,2,0,0,0
2025-2026,TR_Club_A,M16,2025-11-23,P14,Player_14,AM,64,5.74,8,22,0.002,0.082,0,0.769,3,0,0,1
2025-2026,TR_Club_A,M16,2025-11-23,P15,Player_15,FB,16,1.47,2,6,0.0,0.013,5,0.815,1,0,0,0
2025-2026,TR_Club_A,M16,2025-11-23,P16,Player_16,W,61,4.93,14,15,0.0,0.083,26,0.816,8,2,1,0
2025-2026,TR_Club_A,M16,2025-11-23,P17,Player_17,AM,10,0.82,0,2,0.0,0.0,2,0.748,0,0,0,0
2025-2026,TR_Club_A,M16,2025-11-23,P18,Player_18,DM,44,4.88,6,14,0.111,0.0,17,0.895,7,4,0,0
2025-2026,TR_Club_A,M16,2025-11-23,P19,Player_19,GK,83,3.57,0,24,0.053,0.0,33,0.806,9,4,0,1
2025-2026,TR_Club_A,M16,2025-11-23,P20,Player_20,CM,88,8.14,23,37,0.142,0.12,81,0.9,2,2,0,0
2025-2026,TR_Club_A,M17,2025-11-29,P01,Player_01,AM,68,6.52,5,19,0.05,0.259,48,0.802,5,1,0,0
2025-2026,TR_Club_A,M17,2025-11-29,P02,Player_02,W,88,7.19,17,12,0.18,0.336,44,0.873,4,2,0,0
2025-2026,TR_Club_A,M17,2025-11-29,P03,Player_03,CM,49,5.24,1,13,0.0,0.065,46,0.928,0,0,0,0
2025-2026,TR_Club_A,M17,2025-11-29,P04,Player_04,ST,32,2.55,1,10,0.0,0.017,18,0.801,3,3,0,0
2025-2026,TR_Club_A,M17,2025-11-29,P05,Player_05,AM,0,0.0,0,0,0.0,0.0,0,0.0,0,0,0,0
2025-2026,TR_Club_A,M17,2025-11-29,P06,Player_06,CB,33,2.42,3,5,0.0,0.015,21,0.932,3,3,1,0
2025-2026,TR_Club_A,M17,2025-11-29,P07,Player_07,DM,60,7.39,8,16,0.08,0.157,34,0.882,7,1,0,0
2025-2026,TR_Club_A,M17,2025-11-29,P08,Player_08,ST,42,3.64,5,10,0.142,0.03,16,0.833,3,1,0,0
2025-2026,TR_Club_A,M17,2025-11-29,P09,Player_09,CM,30,3.32,1,7,0.029,0.075,17,0.925,2,1,0,0
2025-2026,TR_Club_A,M17,2025-11-29,P10,Player_10,DM,28,3.28,1,11,0.044,0.017,18,0.847,2,2,0,0
2025-2026,TR_Club_A,M17,2025-11-29,P11,Player_11,CB,48,2.71,8,6,0.113,0.024,27,0.88,6,1,1,0
2025-2026,TR_Club_A,M17,2025-11-29,P12,Player_12,GK,57,3.99,10,24,0.118,0.0,26,0.843,5,4,0,0
2025-2026,TR_Club_A,M17,2025-11-29,P13,Player_13,W,0,0.0,0,0,0.0,0.0,0,0.0,0,0,0,0
2025-2026,TR_Club_A,M17,2025-11-29,P14,Player_14,AM,0,0.0,0,0,0.0,0.0,0,0.0,0,0,0,0
2025-2026,TR_Club_A,M17,2025-11-29,P15,Player_15,FB,30,3.49,6,11,0.046,0.091,6,0.81,1,0,0,0
2025-2026,TR_Club_A,M17,2025-11-29,P16,Player_16,W,44,4.17,7,21,0.024,0.045,4,0.87,4,4,0,0
2025-2026,TR_Club_A,M17,2025-11-29,P17,Player_17,AM,65,4.35,12,22,0.069,0.155,16,0.771,4,0,0,0
2025-2026,TR_Club_A,M17,2025-11-29,P18,Player_18,DM,13,1.43,1,5,0.004,0.0,10,0.857,2,1,0,0
2025-2026,TR_Club_A,M17,2025-11-29,P19,Player_19,GK,0,0.0,0,0,0.0,0.0,0,0.0,0,0,0,0
2025-2026,TR_Club_A,M17,2025-11-29,P20,Player_20,CM,23,2.38,0,8,0.067,0.024,8,0.782,3,1,0,0
2025-2026,TR_Club_A,M18,2025-12-06,P01,Player_01,AM,61,6.58,5,24,0.072,0.199,26,0.843,6,4,0,0
2025-2026,TR_Club_A,M18,2025-12-06,P02,Player_02,W,19,1.69,3,5,0.01,0.038,6,0.721,1,0,0,0
2025-2026,TR_Club_A,M18,2025-12-06,P03,Player_03,CM,68,7.66,9,14,0.0,0.202,29,0.891,3,1,0,0
2025-2026,TR_Club_A,M18,2025-12-06,P04,Player_04,ST,63,3.67,7,10,0.211,0.233,38,0.836,6,0,0,0
2025-2026,TR_Club_A,M18,2025-12-06,P05,Player_05,AM,0,0.0,0,0,0.0,0.0,0,0.0,0,0,0,0
2025-2026,TR_Club_A,M18,2025-12-06,P06,Player_06,CB,0,0.0,0,0,0.0,0.0,0,0.0,0,0,0,0
2025-2026,TR_Club_A,M18,2025-12-06,P07,Player_07,DM,86,8.23,5,37,0.069,0.05,61,0.853,8,5,0,0
2025-2026,TR_Club_A,M18,2025-12-06,P08,Player_08,ST,32,1.94,4,10,0.108,0.035,12,0.835,4,3,0,0
2025-2026,TR_Club_A,M18,2025-12-06,P09,Player_09,CM,26,2.96,3,10,0.003,0.04,28,0.841,2,0,1,0
2025-2026,TR_Club_A,M18,2025-12-06,P10,Player_10,DM,33,2.78,2,7,0.064,0.128,18,0.777,4,0,0,0
2025-2026,TR_Club_A,M18,2025-12-06,P11,Player_11,CB,31,2.17,4,7,0.014,0.017,12,0.88,1,0,0,0
2025-2026,TR_Club_A,M18,2025-12-06,P12,Player_12,GK,78,6.85,12,24,0.183,0.126,24,0.733,7,4,0,0
2025-2026,TR_Club_A,M18,2025-12-06,P13,Player_13,W,41,3.9,8,4,0.066,0.0,9,0.868,5,0,0,1
2025-2026,TR_Club_A,M18,2025-12-06,P14,Player_14,AM,0,0.0,0,0,0.0,0.0,0,0.0,0,0,0,0
2025-2026,TR_Club_A,M18,2025-12-06,P15,Player_15,FB,52,5.12,6,19,0.0,0.0,27,0.798,3,0,0,0
2025-2026,TR_Club_A,M18,2025-12-06,P16,Player_16,W,0,0.0,0,0,0.0,0.0,0,0.0,0,0,0,0
2025-2026,TR_Club_A,M18,2025-12-06,P17,Player_17,AM,84,7.36,11,25,0.059,0.091,29,0.857,4,1,0,0
2025-2026,TR_Club_A,M18,2025-12-06,P18,Player_18,DM,12,1.46,1,4,0.008,0.006,9,0.872,1,0,0,0
2025-2026,TR_Club_A,M18,2025-12-06,P19,Player_19,GK,0,0.0,0,0,0.0,0.0,0,0.0,0,0,0,0
2025-2026,TR_Club_A,M18,2025-12-06,P20,Player_20,CM,48,5.44,4,17,0.042,0.0,28,0.875,6,3,0,0
2025-2026,TR_Club_A,M19,2025-12-14,P01,Player_01,AM,74,5.78,10,15,0.0,0.095,29,0.706,2,1,0,0
2025-2026,TR_Club_A,M19,2025-12-14,P02,Player_02,W,0,0.0,0,0,0.0,0.0,0,0.0,0,0,0,0
2025-2026,TR_Club_A,M19,2025-12-14,P03,Player_03,CM,17,1.41,0,7,0.057,0.019,11,0.861,0,0,0,0
2025-2026,TR_Club_A,M19,2025-12-14,P04,Player_04,ST,63,3.61,8,10,0.2,0.015,39,0.816,9,3,0,0
2025-2026,TR_Club_A,M19,2025-12-14,P05,Player_05,AM,22,1.88,1,3,0.0,0.0,4,0.831,0,0,0,0
2025-2026,TR_Club_A,M19,2025-12-14,P06,Player_06,CB,68,5.51,1,17,0.0,0.238,23,0.808,5,0,0,0
2025-2026,TR_Club_A,M19,2025-12-14,P07,Player_07,DM,16,1.41,0,5,0.011,0.001,10,0.88,1,0,0,0
2025-2026,TR_Club_A,M19,2025-12-14,P08,Player_08,ST,75,6.21,2,11,0.133,0.0,38,0.818,11,6,0,0
2025-2026,TR_Club_A,M19,2025-12-14,P09,Player_09,CM,0,0.0,0,0,0.0,0.0,0,0.0,0,0,0,0
2025-2026,TR_Club_A,M19,2025-12-14,P10,Player_10,DM,46,4.67,2,20,0.127,0.033,38,0.761,5,2,0,0
2025-2026,TR_Club_A,M19,2025-12-14,P11,Player_11,CB,63,4.57,0,13,0.153,0.005,29,0.925,9,5,0,0
2025-2026,TR_Club_A,M19,2025-12-14,P12,Player_12,GK,0,0.0,0,0,0.0,0.0,0,0.0,0,0,0,0
2025-2026,TR_Club_A,M19,2025-12-14,P13,Player_13,W,29,2.18,3,8,0.041,0.103,8,0.815,2,0,0,0
2025-2026,TR_Club_A,M19,2025-12-14,P14,Player_14,AM,75,6.31,2,15,0.021,0.031,34,0.86,3,2,0,0
2025-2026,TR_Club_A,M19,2025-12-14,P15,Player_15,FB,42,4.07,6,20,0.033,0.002,7,0.813,4,2,0,0
2025-2026,TR_Club_A,M19,2025-12-14,P16,Player_16,W,0,0.0,0,0,0.0,0.0,0,0.0,0,0,0,0
2025-2026,TR_Club_A,M19,2025-12-14,P17,Player_17,AM,48,4.5,6,16,0.164,0.089,17,0.875,5,1,0,0
2025-2026,TR_Club_A,M19,2025-12-14,P18,Player_18,DM,34,2.97,0,10,0.0,0.002,24,0.852,4,0,0,0
2025-2026,TR_Club_A,M19,2025-12-14,P19,Player_19,GK,55,4.09,12,15,0.01,0.032,22,0.792,4,0,0,0
2025-2026,TR_Club_A,M19,2025-12-14,P20,Player_20,CM,74,7.25,7,29,0.17,0.049,50,0.833,7,4,0,0
2025-2026,TR_Club_A,M20,2025-12-22,P01,Player_01,AM,48,4.64,5,14,0.121,0.045,13,0.809,4,0,0,0
2025-2026,TR_Club_A,M20,2025-12-22,P02,Player_02,W,48,4.13,9,12,0.144,0.015,12,0.669,2,0,0,0
2025-2026,TR_Club_A,M20,2025-12-22,P03,Player_03,CM,0,0.0,0,0,0.0,0.0,0,0.0,0,0,0,0
2025-2026,TR_Club_A,M20,2025-12-22,P04,Player_04,ST,72,4.41,1,17,0.272,0.238,28,0.762,5,3,0,0
2025-2026,TR_Club_A,M20,2025-12-22,P05,Player_05,AM,20,1.89,1,6,0.027,0.016,13,0.782,2,0,0,0
2025-2026,TR_Club_A,M20,2025-12-22,P06,Player_06,CB,28,2.23,2,9,0.001,0.003,22,0.909,2,0,0,0
2025-2026,TR_Club_A,M20,2025-12-22,P07,Player_07,DM,0,0.0,0,0,0.0,0.0,0,0.0,0,0,0,0
2025-2026,TR_Club_A,M20,2025-12-22,P08,Player_08,ST,25,2.14,2,6,0.037,0.048,6,0.817,2,0,1,0
2025-2026,TR_Club_A,M20,2025-12-22,P09,Player_09,CM,67,7.34,6,46,0.1,0.024,56,0.768,5,5,0,0
2025-2026,TR_Club_A,M20,2025-12-22,P10,Player_10,DM,15,1.87,1,4,0.003,0.002,10,0.927,2,1,0,0
2025-2026,TR_Club_A,M20,2025-12-22,P11,Player_11,CB,56,3.88,7,9,0.0,0.038,38,0.913,7,3,0,0
2025-2026,TR_Club_A,M20,2025-12-22,P12,Player_12,GK,0,0.0,0,0,0.0,0.0,0,0.0,0,0,0,0
2025-2026,TR_Club_A,M20,2025-12-22,P13,Player_13,W,87,8.12,7,18,0.236,0.153,13,0.918,6,3,0,0
2025-2026,TR_Club_A,M20,2025-12-22,P14,Player_14,AM,56,5.73,8,18,0.0,0.173,13,0.814,1,0,0,0
2025-2026,TR_Club_A,M20,2025-12-22,P15,Player_15,FB,90,8.65,28,46,0.069,0.071,48,0.856,5,2,0,0
2025-2026,TR_Club_A,M20,2025-12-22,P16,Player_16,W,73,6.54,20,28,0.128,0.261,23,0.881,6,6,1,0
2025-2026,TR_Club_A,M20,2025-12-22,P17,Player_17,AM,76,7.16,16,16,0.176,0.225,38,0.752,9,7,1,0
2025-2026,TR_Club_A,M20,2025-12-22,P18,Player_18,DM,74,8.44,8,23,0.0,0.0,47,0.859,8,5,0,0
2025-2026,TR_Club_A,M20,2025-12-22,P19,Player_19,GK,51,3.39,7,5,0.003,0.095,5,0.856,6,2,0,0
2025-2026,TR_Club_A,M20,2025-12-22,P20,Player_20,CM,58,6.79,4,20,0.003,0.067,46,0.851,2,0,0,0
2025-2026,TR_Club_A,M21,2025-12-29,P01,Player_01,AM,19,1.59,2,4,0.012,0.011,11,0.673,1,0,0,0
2025-2026,TR_Club_A,M21,2025-12-29,P02,Player_02,W,53,4.62,11,12,0.0,0.037,31,0.804,4,1,0,0
2025-2026,TR_Club_A,M21,2025-12-29,P03,Player_03,CM,26,2.59,4,8,0.008,0.021,15,0.873,3,2,0,0
2025-2026,TR_Club_A,M21,2025-12-29,P04,Player_04,ST,86,6.64,10,23,0.233,0.125,25,0.753,18,7,0,0
2025-2026,TR_Club_A,M21,2025-12-29,P05,Player_05,AM,72,5.5,6,26,0.125,0.165,6,0.892,2,2,0,0
2025-2026,TR_Club_A,M21,2025-12-29,P06,Player_06,CB,47,3.1,5,12,0.0,0.095,28,0.836,4,2,0,0
2025-2026,TR_Club_A,M21,2025-12-29,P07,Player_07,DM,13,1.46,1,3,0.016,0.0,5,0.822,1,0,0,0
2025-2026,TR_Club_A,M21,2025-12-29,P08,Player_08,ST,80,5.38,6,6,0.326,0.102,28,0.793,10,2,0,0
2025-2026,TR_Club_A,M21,2025-12-29,P09,Player_09,CM,22,2.58,0,5,0.021,0.006,8,0.95,1,1,0,0
2025-2026,TR_Club_A,M21,2025-12-29,P10,Player_10,DM,90,10.23,1,47,0.122,0.198,38,0.814,6,3,1,0
2025-2026,TR_Club_A,M21,2025-12-29,P11,Player_11,CB,52,2.88,5,12,0.01,0.13,31,0.924,4,2,0,0
2025-2026,TR_Club_A,M21,2025-12-29,P12,Player_12,GK,28,2.3,1,7,0.0,0.06,12,0.818,3,3,0,0
2025-2026,TR_Club_A,M21,2025-12-29,P13,Player_13,W,34,2.57,8,9,0.0,0.05,4,0.797,0,0,0,0
2025-2026,TR_Club_A,M21,2025-12-29,P14,Player_14,AM,84,6.99,13,12,0.0,0.171,2,0.798,3,1,1,0
2025-2026,TR_Club_A,M21,2025-12-29,P15,Player_15,FB,13,1.4,2,4,0.01,0.0,5,0.829,2,0,0,0
2025-2026,TR_Club_A,M21,2025-12-29,P16,Player_16,W,55,4.85,14,12,0.133,0.125,21,0.784,8,2,0,0
2025-2026,TR_Club_A,M21,2025-12-29,P17,Player_17,AM,63,6.34,4,20,0.092,0.069,32,0.819,5,2,0,0
2025-2026,TR_Club_A,M21,2025-12-29,P18,Player_18,DM,0,0.0,0,0,0.0,0.0,0,0.0,0,0,0,0
2025-2026,TR_Club_A,M21,2025-12-29,P19,Player_19,GK,0,0.0,0,0,0.0,0.0,0,0.0,0,0,0,0
2025-2026,TR_Club_A,M21,2025-12-29,P20,Player_20,CM,0,0.0,0,0,0.0,0.0,0,0.0,0,0,0,0
2025-2026,TR_Club_A,M22,2026-01-04,P01,Player_01,AM,11,0.78,0,0,0.016,0.012,1,0.854,0,0,0,0
2025-2026,TR_Club_A,M22,2026-01-04,P02,Player_02,W,42,3.17,6,13,0.032,0.062,25,0.763,3,3,0,0
2025-2026,TR_Club_A,M22,2026-01-04,P03,Player_03,CM,0,0.0,0,0,0.0,0.0,0,0.0,0,0,0,0
2025-2026,TR_Club_A,M22,2026-01-04,P04,Player_04,ST,80,6.12,8,22,0.333,0.0,27,0.809,7,6,0,0
2025-2026,TR_Club_A,M22,2026-01-04,P05,Player_05,AM,36,2.48,3,11,0.0,0.072,7,0.835,4,2,0,0
2025-2026,TR_Club_A,M22,2026-01-04,P06,Player_06,CB,46,1.67,8,13,0.001,0.087,22,0.826,5,5,0,0
2025-2026,TR_Club_A,M22,2026-01-04,P07,Player_07,DM,20,2.32,0,8,0.003,0.023,11,0.885,2,0,0,0
2025-2026,TR_Club_A,M22,2026-01-04,P08,Player_08,ST,0,0.0,0,0,0.0,0.0,0,0.0,0,0,0,0
2025-2026,TR_Club_A,M22,2026-01-04,P09,Player_09,CM,37,4.06,5,17,0.059,0.0,7,0.836,3,0,0,0
2025-2026,TR_Club_A,M22,2026-01-04,P10,Player_10,DM,69,7.01,9,29,0.215,0.0,36,0.902,11,6,0,0
2025-2026,TR_Club_A,M22,2026-01-04,P11,Player_11,CB,47,3.94,4,14,0.126,0.135,34,0.862,5,3,0,0
2025-2026,TR_Club_A,M22,2026-01-04,P12,Player_12,GK,29,2.6,1,6,0.036,0.087,9,0.767,1,1,0,0
2025-2026,TR_Club_A,M22,2026-01-04,P13,Player_13,W,71,5.26,14,20,0.159,0.263,32,0.773,7,2,0,0
2025-2026,TR_Club_A,M22,2026-01-04,P14,Player_14,AM,0,0.0,0,0,0.0,0.0,0,0.0,0,0,0,0
2025-2026,TR_Club_A,M22,2026-01-04,P15,Player_15,FB,65,4.74,1,19,0.031,0.007,41,0.769,6,3,0,0
2025-2026,TR_Club_A,M22,2026-01-04,P16,Player_16,W,23,2.1,4,4,0.056,0.049,7,0.807,1,0,1,0
2025-2026,TR_Club_A,M22,2026-01-04,P17,Player_17,AM,45,3.03,4,14,0.008,0.201,24,0.865,4,4,0,0
2025-2026,TR_Club_A,M22,2026-01-04,P18,Player_18,DM,21,2.37,2,8,0.06,0.025,15,0.813,1,1,0,0
2025-2026,TR_Club_A,M22,2026-01-04,P19,Player_19,GK,65,4.13,4,10,0.0,0.036,18,0.855,5,3,0,0
2025-2026,TR_Club_A,M22,2026-01-04,P20,Player_20,CM,0,0.0,0,0,0.0,0.0,0,0.0,0,0,0,0
2025-2026,TR_Club_A,M23,2026-01-10,P01,Player_01,AM,68,6.76,5,7,0.1,0.168,32,0.821,4,0,0,0
2025-2026,TR_Club_A,M23,2026-01-10,P02,Player_02,W,0,0.0,0,0,0.0,0.0,0,0.0,0,0,0,0
2025-2026,TR_Club_A,M23,2026-01-10,P03,Player_03,CM,50,6.37,7,17,0.075,0.047,7,0.815,3,0,0,0
2025-2026,TR_Club_A,M23,2026-01-10,P04,Player_04,ST,10,0.77,0,2,0.024,0.033,0,0.781,1,0,0,0
2025-2026,TR_Club_A,M23,2026-01-10,P05,Player_05,AM,34,2.9,3,9,0.034,0.05,14,0.838,1,0,0,0
2025-2026,TR_Club_A,M23,2026-01-10,P06,Player_06,CB,38,2.02,7,8,0.051,0.066,16,0.833,4,4,0,0
2025-2026,TR_Club_A,M23,2026-01-10,P07,Player_07,DM,45,4.97,2,21,0.0,0.115,29,0.727,4,3,0,0
2025-2026,TR_Club_A,M23,2026-01-10,P08,Player_08,ST,14,1.0,1,3,0.062,0.0,6,0.803,0,0,0,0
2025-2026,TR_Club_A,M23,2026-01-10,P09,Player_09,CM,27,2.23,0,12,0.027,0.055,12,0.878,2,0,0,0
2025-2026,TR_Club_A,M23,2026-01-10,P10,Player_10,DM,69,7.27,11,24,0.0,0.205,35,0.832,7,3,0,0
2025-2026,TR_Club_A,M23,2026-01-10,P11,Player_11,CB,32,2.39,0,14,0.029,0.046,12,0.836,2,2,0,0
2025-2026,TR_Club_A,M23,2026-01-10,P12,Player_12,GK,48,3.31,8,5,0.0,0.0,9,0.759,1,0,0,0
2025-2026,TR_Club_A,M23,2026-01-10,P13,Player_13,W,73,6.88,15,13,0.0,0.029,27,0.843,7,4,0,0
2025-2026,TR_Club_A,M23,2026-01-10,P14,Player_14,AM,23,2.67,0,5,0.063,0.001,6,0.774,1,0,0,0
2025-2026,TR_Club_A,M23,2026-01-10,P15,Player_15,FB,35,2.7,7,10,0.023,0.111,14,0.741,2,0,0,0
2025-2026,TR_Club_A,M23,2026-01-10,P16,Player_16,W,87,8.4,19,15,0.034,0.171,24,0.786,8,3,0,0
2025-2026,TR_Club_A,M23,2026-01-10,P17,Player_17,AM,48,5.02,6,7,0.0,0.036,11,0.795,4,4,0,0
2025-2026,TR_Club_A,M23,2026-01-10,P18,Player_18,DM,53,5.61,6,30,0.147,0.087,23,0.834,5,1,1,0
2025-2026,TR_Club_A,M23,2026-01-10,P19,Player_19,GK,81,7.14,9,10,0.084,0.088,44,0.783,8,4,0,0
2025-2026,TR_Club_A,M23,2026-01-10,P20,Player_20,CM,75,8.24,14,36,0.152,0.0,67,0.887,4,0,0,0
2025-2026,TR_Club_A,M24,2026-01-19,P01,Player_01,AM,77,5.87,10,17,0.058,0.064,27,0.894,9,5,0,0
2025-2026,TR_Club_A,M24,2026-01-19,P02,Player_02,W,28,2.46,2,10,0.108,0.049,0,0.83,1,0,0,0
2025-2026,TR_Club_A,M24,2026-01-19,P03,Player_03,CM,0,0.0,0,0,0.0,0.0,0,0.0,0,0,0,0
2025-2026,TR_Club_A,M24,2026-01-19,P04,Player_04,ST,46,2.64,4,14,0.117,0.0,25,0.663,4,0,0,0
2025-2026,TR_Club_A,M24,2026-01-19,P05,Player_05,AM,0,0.0,0,0,0.0,0.0,0,0.0,0,0,0,0
2025-2026,TR_Club_A,M24,2026-01-19,P06,Player_06,CB,81,7.9,2,25,0.132,0.088,42,0.901,4,1,0,0
2025-2026,TR_Club_A,M24,2026-01-19,P07,Player_07,DM,0,0.0,0,0,0.0,0.0,0,0.0,0,0,0,0
2025-2026,TR_Club_A,M24,2026-01-19,P08,Player_08,ST,59,4.3,3,15,0.14,0.0,27,0.812,3,0,0,0
2025-2026,TR_Club_A,M24,2026-01-19,P09,Player_09,CM,85,7.53,2,45,0.134,0.027,38,0.834,3,3,0,0
2025-2026,TR_Club_A,M24,2026-01-19,P10,Player_10,DM,24,2.2,2,3,0.023,0.014,17,0.766,3,3,1,1
2025-2026,TR_Club_A,M24,2026-01-19,P11,Player_11,CB,52,4.25,3,6,0.0,0.041,24,0.879,2,0,0,0
2025-2026,TR_Club_A,M24,2026-01-19,P12,Player_12,GK,57,3.32,6,20,0.095,0.054,32,0.763,4,2,0,0
2025-2026,TR_Club_A,M24,2026-01-19,P13,Player_13,W,57,4.27,13,10,0.047,0.076,25,0.694,6,1,0,0
2025-2026,TR_Club_A,M24,2026-01-19,P14,Player_14,AM,0,0.0,0,0,0.0,0.0,0,0.0,0,0,0,0
2025-2026,TR_Club_A,M24,2026-01-19,P15,Player_15,FB,10,0.89,2,3,0.022,0.0,2,0.768,0,0,0,0
2025-2026,TR_Club_A,M24,2026-01-19,P16,Player_16,W,82,5.72,25,24,0.144,0.015,31,0.825,5,4,0,0
2025-2026,TR_Club_A,M24,2026-01-19,P17,Player_17,AM,46,3.55,9,17,0.043,0.079,11,0.845,2,0,0,0
2025-2026,TR_Club_A,M24,2026-01-19,P18,Player_18,DM,58,6.74,11,25,0.127,0.032,28,0.893,6,0,0,0
2025-2026,TR_Club_A,M24,2026-01-19,P19,Player_19,GK,60,5.52,8,23,0.088,0.052,13,0.801,4,0,0,0
2025-2026,TR_Club_A,M24,2026-01-19,P20,Player_20,CM,90,8.8,12,33,0.0,0.022,71,0.776,7,6,0,0
2025-2026,TR_Club_A,M25,2026-01-25,P01,Player_01,AM,62,6.86,6,17,0.181,0.149,15,0.768,5,1,0,0
2025-2026,TR_Club_A,M25,2026-01-25,P02,Player_02,W,73,6.66,10,15,0.0,0.032,40,0.912,7,3,0,0
2025-2026,TR_Club_A,M25,2026-01-25,P03,Player_03,CM,19,1.96,4,9,0.0,0.001,9,0.856,1,1,0,0
2025-2026,TR_Club_A,M25,2026-01-25,P04,Player_04,ST,90,7.4,10,16,0.263,0.121,39,0.829,14,9,0,0
2025-2026,TR_Club_A,M25,2026-01-25,P05,Player_05,AM,30,2.58,3,7,0.0,0.01,3,0.788,0,0,0,0
2025-2026,TR_Club_A,M25,2026-01-25,P06,Player_06,CB,36,2.34,3,11,0.006,0.0,29,0.904,4,3,0,0
2025-2026,TR_Club_A,M25,2026-01-25,P07,Player_07,DM,66,7.86,8,25,0.049,0.078,36,0.903,3,0,0,0
2025-2026,TR_Club_A,M25,2026-01-25,P08,Player_08,ST,12,0.92,0,3,0.047,0.0,6,0.841,1,0,0,0
2025-2026,TR_Club_A,M25,2026-01-25,P09,Player_09,CM,16,1.76,0,6,0.048,0.043,13,0.899,0,0,0,0
2025-2026,TR_Club_A,M25,2026-01-25,P10,Player_10,DM,63,7.41,8,27,0.0,0.042,22,0.76,8,2,0,0
2025-2026,TR_Club_A,M25,2026-01-25,P11,Player_11,CB,16,1.28,1,1,0.02,0.004,8,0.95,0,0,0,0
2025-2026,TR_Club_A,M25,2026-01-25,P12,Player_12,GK,18,1.07,1,6,0.062,0.024,4,0.817,2,1,0,0
2025-2026,TR_Club_A,M25,2026-01-25,P13,Player_13,W,72,6.99,15,15,0.002,0.199,42,0.876,9,4,0,0
2025-2026,TR_Club_A,M25,2026-01-25,P14,Player_14,AM,51,3.83,7,13,0.055,0.146,26,0.866,0,0,0,0
2025-2026,TR_Club_A,M25,2026-01-25,P15,Player_15,FB,77,5.98,15,41,0.293,0.0,36,0.828,6,3,0,0
2025-2026,TR_Club_A,M25,2026-01-25,P16,Player_16,W,61,6.07,15,18,0.16,0.114,25,0.806,0,0,1,0
2025-2026,TR_Club_A,M25,2026-01-25,P17,Player_17,AM,18,1.72,1,4,0.027,0.05,4,0.8,1,0,0,0
2025-2026,TR_Club_A,M25,2026-01-25,P18,Player_18,DM,0,0.0,0,0,0.0,0.0,0,0.0,0,0,0,0
2025-2026,TR_Club_A,M25,2026-01-25,P19,Player_19,GK,0,0.0,0,0,0.0,0.0,0,0.0,0,0,0,0
2025-2026,TR_Club_A,M25,2026-01-25,P20,Player_20,CM,77,9.99,8,42,0.163,0.086,46,0.829,6,4,0,0
2025-2026,TR_Club_A,M26,2026-02-02,P01,Player_01,AM,36,3.05,3,13,0.099,0.033,9,0.819,4,4,0,0
2025-2026,TR_Club_A,M26,2026-02-02,P02,Player_02,W,45,4.96,5,6,0.0,0.089,22,0.822,5,0,0,0
2025-2026,TR_Club_A,M26,2026-02-02,P03,Player_03,CM,21,1.85,2,8,0.056,0.0,12,0.806,1,1,0,0
2025-2026,TR_Club_A,M26,2026-02-02,P04,Player_04,ST,14,0.7,2,5,0.034,0.0,7,0.74,1,0,0,0
2025-2026,TR_Club_A,M26,2026-02-02,P05,Player_05,AM,88,7.94,14,42,0.0,0.178,18,0.851,4,0,0,0
2025-2026,TR_Club_A,M26,2026-02-02,P06,Player_06,CB,75,5.41,2,25,0.078,0.155,36,0.78,8,6,0,0
2025-2026,TR_Club_A,M26,2026-02-02,P07,Player_07,DM,11,1.42,0,3,0.021,0.0,9,0.891,1,1,1,0
2025-2026,TR_Club_A,M26,2026-02-02,P08,Player_08,ST,64,5.04,9,26,0.21,0.116,21,0.776,8,3,1,0
2025-2026,TR_Club_A,M26,2026-02-02,P09,Player_09,CM,84,9.58,13,25,0.168,0.016,51,0.931,8,5,0,0
2025-2026,TR_Club_A,M26,2026-02-02,P10,Player_10,DM,32,3.27,0,11,0.012,0.053,21,0.83,4,3,0,0
2025-2026,TR_Club_A,M26,2026-02-02,P11,Player_11,CB,35,2.02,2,9,0.0,0.007,14,0.869,4,2,0,0
2025-2026,TR_Club_A,M26,2026-02-02,P12,Player_12,GK,72,4.6,6,17,0.087,0.17,37,0.751,7,4,0,0
2025-2026,TR_Club_A,M26,2026-02-02,P13,Player_13,W,57,4.0,12,16,0.046,0.093,15,0.831,4,2,0,0
2025-2026,TR_Club_A,M26,2026-02-02,P14,Player_14,AM,57,5.5,2,16,0.092,0.133,10,0.797,7,7,0,0
2025-2026,TR_Club_A,M26,2026-02-02,P15,Player_15,FB,80,7.88,15,35,0.021,0.047,33,0.812,7,2,0,0
2025-2026,TR_Club_A,M26,2026-02-02,P16,Player_16,W,24,2.28,3,5,0.043,0.076,4,0.794,2,2,0,0
2025-2026,TR_Club_A,M26,2026-02-02,P17,Player_17,AM,20,2.08,2,6,0.01,0.015,11,0.819,1,1,0,0
2025-2026,TR_Club_A,M26,2026-02-02,P18,Player_18,DM,36,4.18,3,10,0.043,0.035,27,0.88,4,2,0,0
2025-2026,TR_Club_A,M26,2026-02-02,P19,Player_19,GK,0,0.0,0,0,0.0,0.0,0,0.0,0,0,0,0
2025-2026,TR_Club_A,M26,2026-02-02,P20,Player_20,CM,15,1.71,1,5,0.0,0.008,9,0.871,1,1,0,0
2025-2026,TR_Club_A,M27,2026-02-07,P01,Player_01,AM,0,0.0,0,0,0.0,0.0,0,0.0,0,0,0,0
2025-2026,TR_Club_A,M27,2026-02-07,P02,Player_02,W,33,2.95,7,16,0.045,0.079,3,0.776,3,2,0,0
2025-2026,TR_Club_A,M27,2026-02-07,P03,Player_03,CM,71,8.13,15,15,0.223,0.0,54,0.86,0,0,0,0
2025-2026,TR_Club_A,M27,2026-02-07,P04,Player_04,ST,64,3.03,9,27,0.274,0.0,8,0.758,3,1,0,0
2025-2026,TR_Club_A,M27,2026-02-07,P05,Player_05,AM,54,5.23,4,14,0.0,0.07,21,0.808,4,2,0,0
2025-2026,TR_Club_A,M27,2026-02-07,P06,Player_06,CB,65,4.97,6,14,0.118,0.01,43,0.861,6,2,0,0
2025-2026,TR_Club_A,M27,2026-02-07,P07,Player_07,DM,71,7.71,11,24,0.258,0.025,33,0.81,3,3,0,0
2025-2026,TR_Club_A,M27,2026-02-07,P08,Player_08,ST,69,4.66,6,27,0.252,0.222,29,0.78,6,0,0,0
2025-2026,TR_Club_A,M27,2026-02-07,P09,Player_09,CM,30,3.17,1,12,0.074,0.038,19,0.82,3,0,0,0
2025-2026,TR_Club_A,M27,2026-02-07,P10,Player_10,DM,0,0.0,0,0,0.0,0.0,0,0.0,0,0,0,0
2025-2026,TR_Club_A,M27,2026-02-07,P11,Player_11,CB,60,4.71,7,20,0.068,0.259,38,0.87,3,0,0,0
2025-2026,TR_Club_A,M27,2026-02-07,P12,Player_12,GK,0,0.0,0,0,0.0,0.0,0,0.0,0,0,0,0
2025-2026,TR_Club_A,M27,2026-02-07,P13,Player_13,W,76,6.41,7,24,0.151,0.0,43,0.838,8,5,0,0
2025-2026,TR_Club_A,M27,2026-02-07,P14,Player_14,AM,67,4.61,4,17,0.109,0.136,38,0.857,3,2,0,0
2025-2026,TR_Club_A,M27,2026-02-07,P15,Player_15,FB,87,3.78,29,38,0.028,0.254,28,0.807,5,5,0,0
2025-2026,TR_Club_A,M27,2026-02-07,P16,Player_16,W,56,4.94,14,28,0.086,0.101,23,0.866,3,1,0,0
2025-2026,TR_Club_A,M27,2026-02-07,P17,Player_17,AM,33,2.91,6,10,0.0,0.028,20,0.856,2,0,0,0
2025-2026,TR_Club_A,M27,2026-02-07,P18,Player_18,DM,58,5.93,7,18,0.096,0.015,21,0.895,8,3,0,0
2025-2026,TR_Club_A,M27,2026-02-07,P19,Player_19,GK,30,1.94,1,13,0.052,0.042,16,0.839,1,1,0,0
2025-2026,TR_Club_A,M27,2026-02-07,P20,Player_20,CM,44,3.86,5,16,0.0,0.059,33,0.95,2,0,0,0
2025-2026,TR_Club_A,M28,2026-02-14,P01,Player_01,AM,64,5.0,6,6,0.15,0.052,24,0.729,3,1,0,0
2025-2026,TR_Club_A,M28,2026-02-14,P02,Player_02,W,59,6.0,16,19,0.063,0.164,33,0.832,1,0,0,0
2025-2026,TR_Club_A,M28,2026-02-14,P03,Player_03,CM,37,4.47,6,18,0.101,0.0,25,0.83,0,0,0,0
2025-2026,TR_Club_A,M28,2026-02-14,P04,Player_04,ST,0,0.0,0,0,0.0,0.0,0,0.0,0,0,0,0
2025-2026,TR_Club_A,M28,2026-02-14,P05,Player_05,AM,23,1.65,3,5,0.006,0.071,13,0.857,1,0,0,0
2025-2026,TR_Club_A,M28,2026-02-14,P06,Player_06,CB,0,0.0,0,0,0.0,0.0,0,0.0,0,0,0,0
2025-2026,TR_Club_A,M28,2026-02-14,P07,Player_07,DM,0,0.0,0,0,0.0,0.0,0,0.0,0,0,0,0
2025-2026,TR_Club_A,M28,2026-02-14,P08,Player_08,ST,60,5.93,10,16,0.149,0.085,40,0.822,7,3,0,0
2025-2026,TR_Club_A,M28,2026-02-14,P09,Player_09,CM,47,5.05,9,17,0.056,0.0,34,0.928,6,3,1,0
2025-2026,TR_Club_A,M28,2026-02-14,P10,Player_10,DM,41,4.5,4,16,0.07,0.018,23,0.945,8,1,0,0
2025-2026,TR_Club_A,M28,2026-02-14,P11,Player_11,CB,37,2.96,4,12,0.007,0.019,22,0.781,2,0,0,0
2025-2026,TR_Club_A,M28,2026-02-14,P12,Player_12,GK,84,4.01,2,28,0.0,0.18,7,0.842,4,4,0,0
2025-2026,TR_Club_A,M28,2026-02-14,P13,Player_13,W,0,0.0,0,0,0.0,0.0,0,0.0,0,0,0,0
2025-2026,TR_Club_A,M28,2026-02-14,P14,Player_14,AM,11,1.0,0,3,0.0,0.034,3,0.73,1,0,0,0
2025-2026,TR_Club_A,M28,2026-02-14,P15,Player_15,FB,61,5.35,12,31,0.103,0.059,21,0.797,7,3,1,0
2025-2026,TR_Club_A,M28,2026-02-14,P16,Player_16,W,24,1.89,6,6,0.049,0.0,11,0.792,1,0,0,0
2025-2026,TR_Club_A,M28,2026-02-14,P17,Player_17,AM,0,0.0,0,0,0.0,0.0,0,0.0,0,0,0,0
2025-2026,TR_Club_A,M28,2026-02-14,P18,Player_18,DM,37,3.18,4,19,0.051,0.0,23,0.857,5,3,0,0
2025-2026,TR_Club_A,M28,2026-02-14,P19,Player_19,GK,0,0.0,0,0,0.0,0.0,0,0.0,0,0,0,0
2025-2026,TR_Club_A,M28,2026-02-14,P20,Player_20,CM,26,2.99,3,10,0.0,0.0,20,0.784,2,0,0,0
