date,player_id,session_duration_min,rpe,training_load
2025-08-04,P01,72,6.9,498.3
2025-08-04,P02,48,6.7,323.9
2025-08-04,P03,76,5.0,382.6
2025-08-04,P04,92,2.7,248.1
2025-08-04,P05,81,8.4,682.8
2025-08-04,P06,103,6.6,678.2
2025-08-04,P07,68,5.0,343.1
2025-08-04,P08,68,6.8,463.5
2025-08-04,P09,58,7.1,413.9
2025-08-04,P10,117,5.9,691.1
2025-08-04,P11,48,4.0,191.2
2025-08-04,P12,90,5.9,531.9
2025-08-04,P13,92,5.2,478.4
2025-08-04,P14,91,5.8,524.4
2025-08-04,P15,60,5.4,323.9
2025-08-04,P16,51,9.0,458.2
2025-08-04,P17,73,7.0,508.6
2025-08-04,P18,64,4.4,283.0
2025-08-04,P19,70,7.7,535.6
2025-08-04,P20,64,4.7,300.4
2025-08-05,P01,78,6.7,526.4
2025-08-05,P02,107,6.5,698.8
2025-08-05,P03,87,7.1,615.9
2025-08-05,P04,51,4.6,232.3
2025-08-05,P05,53,4.0,212.1
2025-08-05,P06,90,6.4,579.2
2025-08-05,P07,76,2.1,160.4
2025-08-05,P08,116,4.7,540.4
2025-08-05,P09,116,3.8,443.8
2025-08-05,P10,58,2.7,156.4
2025-08-05,P11,82,4.3,356.5
2025-08-05,P12,53,3.9,208.9
2025-08-05,P13,90,7.1,636.0
2025-08-05,P14,111,5.0,551.8
2025-08-05,P15,79,4.1,321.2
2025-08-05,P16,68,5.2,355.1
2025-08-05,P17,84,7.5,632.1
2025-08-05,P18,94,4.7,445.2
2025-08-05,P19,94,5.9,557.8
2025-08-05,P20,68,4.9,335.7
2025-08-07,P01,63,8.6,542.6
2025-08-07,P02,81,6.3,507.2
2025-08-07,P03,69,9.7,667.2
2025-08-07,P04,101,4.9,496.8
2025-08-07,P05,69,5.7,391.8
2025-08-07,P06,77,4.9,381.0
2025-08-07,P07,83,8.2,678.8
2025-08-07,P08,48,4.3,206.8
2025-08-07,P09,65,5.3,347.4
2025-08-07,P10,114,7.5,855.3
2025-08-07,P11,93,5.6,521.1
2025-08-07,P12,69,3.8,263.7
2025-08-07,P13,90,6.7,606.3
2025-08-07,P14,100,5.7,568.4
2025-08-07,P15,72,6.3,450.4
2025-08-07,P16,92,3.8,349.1
2025-08-07,P17,89,6.0,531.3
2025-08-07,P18,53,2.9,152.3
2025-08-07,P19,72,8.2,588.4
2025-08-07,P20,108,6.5,705.6
2025-08-08,P01,114,5.9,676.7
2025-08-08,P02,94,5.3,500.4
2025-08-08,P03,64,5.0,319.0
2025-08-08,P04,33,7.9,261.7
2025-08-08,P05,62,4.8,297.5
2025-08-08,P06,51,5.7,290.4
2025-08-08,P07,110,9.1,1005.5
2025-08-08,P08,41,5.5,224.2
2025-08-08,P09,54,7.5,404.1
2025-08-08,P10,80,5.0,403.6
2025-08-08,P11,76,5.3,401.6
2025-08-08,P12,107,6.8,729.8
2025-08-08,P13,88,2.0,176.0
2025-08-08,P14,73,9.1,666.1
2025-08-08,P15,101,3.2,326.2
2025-08-08,P16,68,4.2,285.4
2025-08-08,P17,109,6.4,693.9
2025-08-08,P18,59,6.1,357.0
2025-08-08,P19,30,4.4,131.2
2025-08-08,P20,75,7.3,545.1
2025-08-11,P01,36,5.4,195.4
2025-08-11,P02,95,3.8,363.2
2025-08-11,P03,79,6.1,481.8
2025-08-11,P04,109,5.7,616.4
2025-08-11,P05,71,7.3,517.1
2025-08-11,P06,48,5.7,272.1
2025-08-11,P07,65,5.8,376.5
2025-08-11,P08,91,6.8,621.6
2025-08-11,P09,60,6.2,372.3
2025-08-11,P10,104,4.8,494.3
2025-08-11,P11,77,5.7,439.7
2025-08-11,P12,73,3.6,259.4
2025-08-11,P13,103,4.8,498.4
2025-08-11,P14,95,5.1,481.5
2025-08-11,P15,62,7.8,484.8
2025-08-11,P16,94,6.3,593.4
2025-08-11,P17,90,5.6,501.0
2025-08-11,P18,74,5.0,370.6
2025-08-11,P19,93,5.0,461.3
2025-08-11,P20,104,5.5,574.7
2025-08-12,P01,75,7.1,535.4
2025-08-12,P02,75,5.6,416.5
2025-08-12,P03,74,7.3,543.2
2025-08-12,P04,61,5.8,354.4
2025-08-12,P05,75,7.3,547.3
2025-08-12,P06,73,8.7,636.0
2025-08-12,P07,71,5.6,400.7
2025-08-12,P08,71,4.0,285.8
2025-08-12,P09,54,5.2,281.0
2025-08-12,P10,97,6.0,577.2
2025-08-12,P11,65,7.8,509.6
2025-08-12,P12,106,7.9,835.6
2025-08-12,P13,57,5.3,299.7
2025-08-12,P14,111,6.4,706.1
2025-08-12,P15,69,7.1,488.3
2025-08-12,P16,95,5.1,488.6
2025-08-12,P17,79,7.4,583.8
2025-08-12,P18,51,6.0,306.9
2025-08-12,P19,52,4.5,235.3
2025-08-12,P20,63,6.7,423.1
2025-08-14,P01,68,5.0,341.9
2025-08-14,P02,76,4.3,325.2
2025-08-14,P03,83,7.7,638.9
2025-08-14,P04,73,5.7,415.8
2025-08-14,P05,82,3.0,242.5
2025-08-14,P06,85,10.0,850.0
2025-08-14,P07,72,5.8,419.1
2025-08-14,P08,89,8.5,753.7
2025-08-14,P09,94,2.8,260.1
2025-08-14,P10,86,9.9,847.8
2025-08-14,P11,87,4.3,371.3
2025-08-14,P12,80,4.1,326.3
2025-08-14,P13,99,4.6,452.1
2025-08-14,P14,76,4.7,358.2
2025-08-14,P15,64,8.2,526.7
2025-08-14,P16,77,5.2,397.4
2025-08-14,P17,52,3.2,166.0
2025-08-14,P18,49,6.2,302.2
2025-08-14,P19,94,5.2,485.0
2025-08-14,P20,106,4.9,521.9
2025-08-15,P01,70,4.4,306.6
2025-08-15,P02,94,9.1,859.7
2025-08-15,P03,39,5.5,213.7
2025-08-15,P04,100,3.8,383.0
2025-08-15,P05,86,7.8,673.6
2025-08-15,P06,76,6.8,518.7
2025-08-15,P07,110,8.9,981.5
2025-08-15,P08,73,5.2,379.7
2025-08-15,P09,56,7.5,418.1
2025-08-15,P10,47,5.6,264.2
2025-08-15,P11,77,5.2,403.9
2025-08-15,P12,80,9.8,787.7
2025-08-15,P13,72,5.3,385.0
2025-08-15,P14,95,6.4,604.1
2025-08-15,P15,103,6.2,643.4
2025-08-15,P16,70,3.3,232.7
2025-08-15,P17,42,3.2,136.4
2025-08-15,P18,82,4.0,324.4
2025-08-15,P19,100,6.0,604.5
2025-08-15,P20,70,4.7,331.4
2025-08-18,P01,87,4.8,417.0
2025-08-18,P02,55,7.8,428.0
2025-08-18,P03,82,5.6,463.1
2025-08-18,P04,87,6.0,523.2
2025-08-18,P05,82,4.8,391.5
2025-08-18,P06,116,5.1,595.1
2025-08-18,P07,106,5.7,606.0
2025-08-18,P08,91,7.1,646.2
2025-08-18,P09,97,4.7,459.7
2025-08-18,P10,96,8.8,841.9
2025-08-18,P11,69,6.1,417.6
2025-08-18,P12,64,5.5,350.7
2025-08-18,P13,109,4.5,489.8
2025-08-18,P14,56,8.4,471.3
2025-08-18,P15,87,9.2,798.7
2025-08-18,P16,65,6.2,402.3
2025-08-18,P17,61,6.2,379.1
2025-08-18,P18,39,7.0,274.1
2025-08-18,P19,81,5.9,479.0
2025-08-18,P20,67,4.7,312.1
2025-08-19,P01,89,4.2,377.7
2025-08-19,P02,85,9.1,774.5
2025-08-19,P03,104,3.7,389.2
2025-08-19,P04,64,6.6,424.5
2025-08-19,P05,73,3.9,284.8
2025-08-19,P06,82,6.0,490.8
2025-08-19,P07,113,5.6,635.1
2025-08-19,P08,98,4.1,401.7
2025-08-19,P09,54,7.1,382.5
2025-08-19,P10,96,4.6,438.1
2025-08-19,P11,75,3.9,294.6
2025-08-19,P12,71,7.3,515.1
2025-08-19,P13,66,5.6,371.3
2025-08-19,P14,52,5.0,261.4
2025-08-19,P15,110,6.1,672.0
2025-08-19,P16,54,5.5,298.5
2025-08-19,P17,43,4.5,192.6
2025-08-19,P18,102,5.8,590.2
2025-08-19,P19,112,5.9,656.0
2025-08-19,P20,74,7.0,515.1
2025-08-21,P01,30,6.3,189.2
2025-08-21,P02,74,8.2,609.0
2025-08-21,P03,94,4.3,404.1
2025-08-21,P04,99,5.6,555.0
2025-08-21,P05,56,6.3,352.6
2025-08-21,P06,70,8.3,581.5
2025-08-21,P07,81,6.3,511.0
2025-08-21,P08,93,7.6,710.5
2025-08-21,P09,90,8.1,731.6
2025-08-21,P10,87,6.3,543.9
2025-08-21,P11,99,5.9,580.5
2025-08-21,P12,75,8.6,643.7
2025-08-21,P13,107,6.0,640.7
2025-08-21,P14,65,8.2,532.7
2025-08-21,P15,91,6.5,589.1
2025-08-21,P16,68,6.5,441.8
2025-08-21,P17,74,5.0,370.3
2025-08-21,P18,77,6.4,492.7
2025-08-21,P19,67,7.4,492.8
2025-08-21,P20,100,7.5,745.5
2025-08-22,P01,69,7.1,492.2
2025-08-22,P02,76,4.1,315.1
2025-08-22,P03,88,6.2,547.3
2025-08-22,P04,120,8.2,982.3
2025-08-22,P05,89,6.4,567.3
2025-08-22,P06,78,4.5,350.6
2025-08-22,P07,40,4.7,187.6
2025-08-22,P08,74,2.8,210.3
2025-08-22,P09,64,5.6,360.2
2025-08-22,P10,70,5.0,350.5
2025-08-22,P11,68,8.6,583.8
2025-08-22,P12,88,5.2,454.0
2025-08-22,P13,73,6.0,434.9
2025-08-22,P14,59,4.8,285.9
2025-08-22,P15,95,5.4,510.2
2025-08-22,P16,53,5.9,314.6
2025-08-22,P17,77,3.0,234.2
2025-08-22,P18,74,7.3,540.3
2025-08-22,P19,84,9.3,785.0
2025-08-22,P20,100,8.2,817.3
2025-08-25,P01,120,7.1,856.5
2025-08-25,P02,78,7.5,581.9
2025-08-25,P03,63,6.2,388.2
2025-08-25,P04,62,6.6,409.0
2025-08-25,P05,61,5.0,303.1
2025-08-25,P06,83,5.8,480.9
2025-08-25,P07,36,3.8,137.4
2025-08-25,P08,52,4.7,243.1
2025-08-25,P09,83,6.3,525.3
2025-08-25,P10,96,7.1,684.4
2025-08-25,P11,96,6.9,663.6
2025-08-25,P12,79,7.6,604.3
2025-08-25,P13,93,6.6,610.5
2025-08-25,P14,100,2.5,248.1
2025-08-25,P15,69,5.5,382.4
2025-08-25,P16,98,8.4,819.0
2025-08-25,P17,45,8.1,365.3
2025-08-25,P18,51,4.3,218.7
2025-08-25,P19,70,5.5,386.6
2025-08-25,P20,43,7.0,299.9
2025-08-26,P01,88,7.6,667.1
2025-08-26,P02,66,5.9,392.1
2025-08-26,P03,74,8.5,631.4
2025-08-26,P04,30,4.6,136.9
2025-08-26,P05,75,4.4,327.9
2025-08-26,P06,69,5.8,401.0
2025-08-26,P07,61,6.1,371.9
2025-08-26,P08,87,5.6,491.2
2025-08-26,P09,65,5.8,373.8
2025-08-26,P10,74,3.4,250.8
2025-08-26,P11,84,5.3,447.2
2025-08-26,P12,100,6.9,688.7
2025-08-26,P13,98,4.5,439.4
2025-08-26,P14,67,4.1,277.1
2025-08-26,P15,60,7.9,472.7
2025-08-26,P16,104,4.3,444.9
2025-08-26,P17,65,5.9,382.6
2025-08-26,P18,86,3.4,289.0
2025-08-26,P19,42,6.7,282.8
2025-08-26,P20,36,5.3,191.9
2025-08-28,P01,78,6.6,516.6
2025-08-28,P02,72,5.5,392.5
2025-08-28,P03,91,6.4,584.9
2025-08-28,P04,62,6.1,375.5
2025-08-28,P05,82,8.6,703.3
2025-08-28,P06,90,7.8,704.0
2025-08-28,P07,62,5.2,323.3
2025-08-28,P08,70,5.8,404.9
2025-08-28,P09,54,7.9,426.5
2025-08-28,P10,92,5.5,509.8
2025-08-28,P11,87,6.3,551.1
2025-08-28,P12,89,4.0,354.5
2025-08-28,P13,72,5.9,425.7
2025-08-28,P14,87,5.1,440.0
2025-08-28,P15,30,4.4,131.3
2025-08-28,P16,73,6.1,445.0
2025-08-28,P17,108,6.9,742.4
2025-08-28,P18,76,6.0,452.3
2025-08-28,P19,97,5.1,496.1
2025-08-28,P20,72,4.4,314.4
2025-08-29,P01,103,6.6,678.6
2025-08-29,P02,60,5.8,349.7
2025-08-29,P03,85,5.6,478.0
2025-08-29,P04,64,5.0,321.2
2025-08-29,P05,81,5.5,442.5
2025-08-29,P06,65,4.0,259.7
2025-08-29,P07,76,5.7,435.3
2025-08-29,P08,68,6.3,428.3
2025-08-29,P09,89,7.1,627.7
2025-08-29,P10,86,5.6,485.0
2025-08-29,P11,63,4.4,279.3
2025-08-29,P12,63,6.0,379.9
2025-08-29,P13,59,6.1,362.5
2025-08-29,P14,55,3.5,193.0
2025-08-29,P15,91,5.3,481.2
2025-08-29,P16,58,4.4,252.8
2025-08-29,P17,83,8.1,669.2
2025-08-29,P18,66,5.7,374.7
2025-08-29,P19,96,3.3,315.3
2025-08-29,P20,114,9.7,1101.9
2025-09-01,P01,30,5.9,175.6
2025-09-01,P02,60,5.6,336.2
2025-09-01,P03,66,7.2,476.4
2025-09-01,P04,72,4.6,333.6
2025-09-01,P05,71,6.8,480.8
2025-09-01,P06,51,3.5,180.1
2025-09-01,P07,114,5.0,574.1
2025-09-01,P08,72,5.4,389.0
2025-09-01,P09,85,8.7,736.0
2025-09-01,P10,86,3.7,320.1
2025-09-01,P11,47,5.4,253.9
2025-09-01,P12,69,3.4,235.8
2025-09-01,P13,91,4.4,397.7
2025-09-01,P14,104,8.7,908.0
2025-09-01,P15,70,6.7,466.1
2025-09-01,P16,50,6.9,346.8
2025-09-01,P17,65,4.4,284.0
2025-09-01,P18,69,5.3,365.8
2025-09-01,P19,68,7.4,504.9
2025-09-01,P20,59,8.6,507.5
2025-09-02,P01,48,8.4,404.3
2025-09-02,P02,54,6.0,323.9
2025-09-02,P03,65,5.5,356.5
2025-09-02,P04,91,8.2,750.7
2025-09-02,P05,98,5.4,528.5
2025-09-02,P06,78,4.8,376.5
2025-09-02,P07,55,4.3,235.4
2025-09-02,P08,66,6.4,420.7
2025-09-02,P09,36,5.9,213.5
2025-09-02,P10,105,7.7,806.7
2025-09-02,P11,63,3.9,246.0
2025-09-02,P12,84,2.5,212.0
2025-09-02,P13,97,5.7,550.9
2025-09-02,P14,111,3.4,378.5
2025-09-02,P15,93,5.8,544.0
2025-09-02,P16,68,3.9,268.3
2025-09-02,P17,86,7.0,603.2
2025-09-02,P18,110,7.5,826.3
2025-09-02,P19,63,4.5,283.1
2025-09-02,P20,47,8.2,385.9
2025-09-04,P01,59,8.2,485.0
2025-09-04,P02,85,6.5,552.1
2025-09-04,P03,68,7.0,475.4
2025-09-04,P04,74,5.4,403.0
2025-09-04,P05,88,5.8,509.0
2025-09-04,P06,59,6.9,407.1
2025-09-04,P07,73,6.7,491.5
2025-09-04,P08,65,4.2,272.1
2025-09-04,P09,109,8.3,906.9
2025-09-04,P10,92,5.4,498.5
2025-09-04,P11,68,8.1,549.0
2025-09-04,P12,67,5.1,338.4
2025-09-04,P13,112,5.9,664.0
2025-09-04,P14,110,3.9,429.3
2025-09-04,P15,85,9.1,774.1
2025-09-04,P16,75,5.6,420.3
2025-09-04,P17,51,7.6,388.8
2025-09-04,P18,59,5.9,345.6
2025-09-04,P19,50,8.3,416.8
2025-09-04,P20,98,6.0,583.4
2025-09-05,P01,51,8.3,423.5
2025-09-05,P02,67,4.3,290.9
2025-09-05,P03,39,5.0,196.2
2025-09-05,P04,45,5.1,228.0
2025-09-05,P05,89,5.4,483.9
2025-09-05,P06,82,4.9,403.0
2025-09-05,P07,76,8.9,675.0
2025-09-05,P08,68,6.6,447.2
2025-09-05,P09,43,8.3,356.0
2025-09-05,P10,65,7.6,492.4
2025-09-05,P11,72,6.9,498.1
2025-09-05,P12,88,5.3,468.3
2025-09-05,P13,96,4.9,466.7
2025-09-05,P14,90,5.4,487.3
2025-09-05,P15,81,5.3,429.9
2025-09-05,P16,75,4.4,329.1
2025-09-05,P17,79,6.1,479.2
2025-09-05,P18,64,5.9,378.7
2025-09-05,P19,77,5.1,390.8
2025-09-05,P20,72,4.5,323.4
2025-09-08,P01,120,7.6,910.6
2025-09-08,P02,80,7.8,620.7
2025-09-08,P03,35,2.2,75.7
2025-09-08,P04,67,3.9,263.5
2025-09-08,P05,70,6.3,441.6
2025-09-08,P06,93,4.3,399.2
2025-09-08,P07,82,6.0,493.8
2025-09-08,P08,81,5.2,422.8
2025-09-08,P09,102,5.8,596.2
2025-09-08,P10,110,4.8,529.6
2025-09-08,P11,89,5.9,526.0
2025-09-08,P12,68,6.9,472.5
2025-09-08,P13,69,2.0,138.5
2025-09-08,P14,30,7.9,237.3
2025-09-08,P15,99,8.8,874.3
2025-09-08,P16,74,4.1,300.5
2025-09-08,P17,66,6.0,397.1
2025-09-08,P18,54,8.5,457.5
2025-09-08,P19,119,6.7,799.4
2025-09-08,P20,74,4.1,300.3
2025-09-09,P01,105,6.1,642.0
2025-09-09,P02,69,6.7,463.8
2025-09-09,P03,63,6.2,391.9
2025-09-09,P04,46,7.6,351.0
2025-09-09,P05,72,7.7,557.2
2025-09-09,P06,70,5.8,405.7
2025-09-09,P07,50,7.1,357.0
2025-09-09,P08,57,5.3,300.4
2025-09-09,P09,75,6.2,463.6
2025-09-09,P10,40,5.7,226.2
2025-09-09,P11,90,5.4,488.9
2025-09-09,P12,70,6.2,437.1
2025-09-09,P13,72,4.5,320.7
2025-09-09,P14,74,7.5,554.3
2025-09-09,P15,53,5.4,288.2
2025-09-09,P16,47,7.4,348.4
2025-09-09,P17,73,4.7,344.9
2025-09-09,P18,76,4.2,318.8
2025-09-09,P19,54,3.8,205.7
2025-09-09,P20,53,8.0,425.9
2025-09-11,P01,60,6.7,402.0
2025-09-11,P02,58,7.1,414.1
2025-09-11,P03,54,6.1,327.2
2025-09-11,P04,76,9.5,721.4
2025-09-11,P05,87,5.1,444.6
2025-09-11,P06,88,9.2,810.2
2025-09-11,P07,42,4.7,198.9
2025-09-11,P08,70,5.4,376.2
2025-09-11,P09,68,4.0,275.0
2025-09-11,P10,103,3.9,398.2
2025-09-11,P11,70,7.6,529.8
2025-09-11,P12,74,4.5,335.3
2025-09-11,P13,48,5.7,271.4
2025-09-11,P14,59,6.3,372.2
2025-09-11,P15,46,7.2,332.1
2025-09-11,P16,77,6.3,483.9
2025-09-11,P17,103,5.3,550.4
2025-09-11,P18,60,5.2,310.7
2025-09-11,P19,71,5.9,416.3
2025-09-11,P20,58,3.0,172.0
2025-09-12,P01,63,6.5,412.0
2025-09-12,P02,77,7.8,600.5
2025-09-12,P03,114,7.1,813.8
2025-09-12,P04,102,7.2,729.3
2025-09-12,P05,109,8.8,956.6
2025-09-12,P06,94,7.1,663.6
2025-09-12,P07,70,5.9,415.7
2025-09-12,P08,68,6.9,471.4
2025-09-12,P09,60,5.7,342.8
2025-09-12,P10,30,8.6,257.5
2025-09-12,P11,70,6.7,467.8
2025-09-12,P12,104,6.5,670.8
2025-09-12,P13,103,4.1,426.2
2025-09-12,P14,120,7.6,915.7
2025-09-12,P15,79,8.1,642.9
2025-09-12,P16,51,5.6,283.9
2025-09-12,P17,103,3.2,329.5
2025-09-12,P18,86,6.8,584.7
2025-09-12,P19,114,3.6,413.3
2025-09-12,P20,107,5.2,552.2
2025-09-15,P01,66,4.2,275.0
2025-09-15,P02,53,6.6,350.1
2025-09-15,P03,52,7.1,369.7
2025-09-15,P04,61,4.2,255.0
2025-09-15,P05,64,6.5,416.3
2025-09-15,P06,69,6.1,417.5
2025-09-15,P07,88,7.6,670.9
2025-09-15,P08,68,4.4,301.5
2025-09-15,P09,76,6.7,509.7
2025-09-15,P10,45,4.7,209.9
2025-09-15,P11,60,5.7,341.3
2025-09-15,P12,59,7.1,416.6
2025-09-15,P13,42,3.6,152.5
2025-09-15,P14,68,5.7,390.1
2025-09-15,P15,45,5.1,229.0
2025-09-15,P16,66,5.4,357.1
2025-09-15,P17,78,5.0,390.6
2025-09-15,P18,104,6.7,700.2
2025-09-15,P19,58,6.1,356.2
2025-09-15,P20,77,7.8,602.3
2025-09-16,P01,62,7.2,443.4
2025-09-16,P02,75,8.2,617.8
2025-09-16,P03,100,6.3,629.5
2025-09-16,P04,69,6.8,466.4
2025-09-16,P05,71,8.5,605.0
2025-09-16,P06,76,5.4,409.8
2025-09-16,P07,65,4.2,271.7
2025-09-16,P08,86,4.8,410.2
2025-09-16,P09,96,4.1,389.8
2025-09-16,P10,77,7.7,594.9
2025-09-16,P11,31,9.0,279.8
2025-09-16,P12,66,6.2,410.0
2025-09-16,P13,86,7.1,609.7
2025-09-16,P14,80,7.5,599.7
2025-09-16,P15,85,8.6,734.5
2025-09-16,P16,85,8.9,760.5
2025-09-16,P17,93,3.3,306.1
2025-09-16,P18,120,5.1,616.6
2025-09-16,P19,104,6.0,628.2
2025-09-16,P20,96,5.0,476.9
2025-09-18,P01,87,5.6,489.0
2025-09-18,P02,106,6.7,705.7
2025-09-18,P03,93,2.8,256.1
2025-09-18,P04,73,6.6,483.0
2025-09-18,P05,79,7.4,587.9
2025-09-18,P06,67,6.1,406.9
2025-09-18,P07,98,2.6,253.0
2025-09-18,P08,86,5.5,472.9
2025-09-18,P09,56,6.5,364.3
2025-09-18,P10,99,7.6,748.3
2025-09-18,P11,72,7.3,526.6
2025-09-18,P12,92,5.9,539.9
2025-09-18,P13,61,5.0,307.9
2025-09-18,P14,91,5.9,540.2
2025-09-18,P15,54,3.5,187.5
2025-09-18,P16,91,5.2,471.4
2025-09-18,P17,81,7.9,636.6
2025-09-18,P18,48,5.9,284.8
2025-09-18,P19,71,6.6,466.4
2025-09-18,P20,99,4.0,396.6
2025-09-19,P01,86,7.5,649.1
2025-09-19,P02,71,5.8,411.4
2025-09-19,P03,83,6.5,540.9
2025-09-19,P04,86,6.8,588.4
2025-09-19,P05,55,7.5,411.7
2025-09-19,P06,98,6.3,615.4
2025-09-19,P07,45,5.8,262.3
2025-09-19,P08,78,4.3,334.1
2025-09-19,P09,67,3.9,260.4
2025-09-19,P10,87,6.2,543.7
2025-09-19,P11,42,6.5,274.1
2025-09-19,P12,73,6.8,494.5
2025-09-19,P13,67,4.8,321.5
2025-09-19,P14,59,5.2,306.4
2025-09-19,P15,75,6.2,466.6
2025-09-19,P16,71,5.4,380.9
2025-09-19,P17,67,9.8,654.0
2025-09-19,P18,59,5.2,304.6
2025-09-19,P19,120,6.6,795.8
2025-09-19,P20,47,7.3,341.4
2025-09-22,P01,56,7.4,412.4
2025-09-22,P02,70,5.3,373.8
2025-09-22,P03,107,6.8,732.9
2025-09-22,P04,94,6.7,625.3
2025-09-22,P05,66,6.9,456.5
2025-09-22,P06,99,6.2,614.0
2025-09-22,P07,111,7.3,807.6
2025-09-22,P08,79,6.4,503.8
2025-09-22,P09,77,4.1,317.5
2025-09-22,P10,73,6.3,462.2
2025-09-22,P11,66,6.5,429.4
2025-09-22,P12,75,7.2,537.0
2025-09-22,P13,88,6.3,550.1
2025-09-22,P14,47,8.7,408.2
2025-09-22,P15,72,5.9,423.3
2025-09-22,P16,68,5.3,358.2
2025-09-22,P17,105,8.1,848.3
2025-09-22,P18,83,5.8,484.6
2025-09-22,P19,87,6.1,531.6
2025-09-22,P20,71,6.5,462.0
2025-09-23,P01,66,6.4,421.0
2025-09-23,P02,79,6.9,545.4
2025-09-23,P03,62,7.1,438.0
2025-09-23,P04,56,5.1,287.9
2025-09-23,P05,64,4.4,281.1
2025-09-23,P06,95,4.5,431.9
2025-09-23,P07,61,7.9,480.9
2025-09-23,P08,63,5.7,360.2
2025-09-23,P09,54,7.2,391.5
2025-09-23,P10,91,7.1,646.9
2025-09-23,P11,85,6.1,519.4
2025-09-23,P12,64,4.8,305.8
2025-09-23,P13,100,7.1,714.7
2025-09-23,P14,61,6.1,369.6
2025-09-23,P15,68,4.3,292.9
2025-09-23,P16,78,5.4,419.4
2025-09-23,P17,55,3.8,208.0
2025-09-23,P18,43,5.4,234.0
2025-09-23,P19,73,4.7,342.2
2025-09-23,P20,88,5.9,519.3
2025-09-25,P01,86,5.7,492.4
2025-09-25,P02,59,6.2,364.1
2025-09-25,P03,49,6.8,333.6
2025-09-25,P04,56,7.4,413.1
2025-09-25,P05,68,7.6,516.4
2025-09-25,P06,52,5.0,259.1
2025-09-25,P07,82,7.8,636.0
2025-09-25,P08,108,6.1,654.7
2025-09-25,P09,111,5.6,617.8
2025-09-25,P10,96,4.6,440.3
2025-09-25,P11,83,2.5,206.5
2025-09-25,P12,52,6.7,348.4
2025-09-25,P13,48,6.6,318.7
2025-09-25,P14,93,5.2,488.1
2025-09-25,P15,55,5.3,290.9
2025-09-25,P16,55,5.8,321.6
2025-09-25,P17,77,5.5,426.7
2025-09-25,P18,108,4.9,531.5
2025-09-25,P19,102,4.4,452.7
2025-09-25,P20,76,7.8,590.9
2025-09-26,P01,97,5.4,520.9
2025-09-26,P02,86,6.6,570.3
2025-09-26,P03,64,6.9,443.1
2025-09-26,P04,112,6.7,751.2
2025-09-26,P05,86,7.0,602.7
2025-09-26,P06,45,6.7,301.1
2025-09-26,P07,54,5.1,276.2
2025-09-26,P08,118,5.6,663.2
2025-09-26,P09,60,7.7,463.7
2025-09-26,P10,56,5.3,298.4
2025-09-26,P11,99,6.1,600.4
2025-09-26,P12,43,6.8,293.1
2025-09-26,P13,67,8.3,556.8
2025-09-26,P14,62,7.6,469.8
2025-09-26,P15,110,4.7,519.6
2025-09-26,P16,71,6.6,467.4
2025-09-26,P17,57,6.4,365.1
2025-09-26,P18,70,5.6,394.3
2025-09-26,P19,75,6.1,458.0
2025-09-26,P20,78,5.1,397.9
2025-09-29,P01,63,5.8,366.8
2025-09-29,P02,74,5.3,395.3
2025-09-29,P03,81,3.3,265.5
2025-09-29,P04,60,5.6,334.8
2025-09-29,P05,57,8.4,481.3
2025-09-29,P06,75,6.3,469.9
2025-09-29,P07,65,6.0,388.5
2025-09-29,P08,50,5.7,287.3
2025-09-29,P09,56,5.6,312.7
2025-09-29,P10,30,4.3,129.2
2025-09-29,P11,104,7.2,753.5
2025-09-29,P12,101,8.1,816.2
2025-09-29,P13,88,5.3,468.2
2025-09-29,P14,54,7.7,416.9
2025-09-29,P15,76,9.7,740.3
2025-09-29,P16,67,9.0,600.3
2025-09-29,P17,71,8.0,568.3
2025-09-29,P18,108,4.5,482.3
2025-09-29,P19,65,4.5,289.3
2025-09-29,P20,50,7.0,350.0
2025-09-30,P01,71,6.1,431.6
2025-09-30,P02,86,3.2,276.4
2025-09-30,P03,100,5.5,547.6
2025-09-30,P04,85,6.9,589.1
2025-09-30,P05,102,5.8,596.0
2025-09-30,P06,32,6.1,194.7
2025-09-30,P07,79,4.4,351.4
2025-09-30,P08,77,5.5,420.3
2025-09-30,P09,48,7.0,336.3
2025-09-30,P10,63,5.4,339.6
2025-09-30,P11,65,7.9,510.5
2025-09-30,P12,74,6.1,452.8
2025-09-30,P13,66,6.7,441.8
2025-09-30,P14,101,7.0,704.2
2025-09-30,P15,88,6.9,608.0
2025-09-30,P16,47,4.7,220.2
2025-09-30,P17,70,4.9,343.8
2025-09-30,P18,53,3.2,169.2
2025-09-30,P19,48,5.6,269.5
2025-09-30,P20,73,4.8,351.2
2025-10-02,P01,76,5.3,406.5
2025-10-02,P02,96,5.8,552.7
2025-10-02,P03,88,6.3,554.8
2025-10-02,P04,46,5.9,269.7
2025-10-02,P05,50,5.8,291.9
2025-10-02,P06,60,6.6,394.4
2025-10-02,P07,48,6.0,289.1
2025-10-02,P08,86,7.4,633.1
2025-10-02,P09,59,6.0,355.6
2025-10-02,P10,78,8.3,649.0
2025-10-02,P11,45,4.6,208.5
2025-10-02,P12,120,5.6,670.8
2025-10-02,P13,37,5.1,189.7
2025-10-02,P14,30,6.4,190.8
2025-10-02,P15,91,4.6,421.6
2025-10-02,P16,65,7.4,480.1
2025-10-02,P17,39,4.0,156.7
2025-10-02,P18,70,4.9,341.0
2025-10-02,P19,69,4.1,283.2
2025-10-02,P20,79,5.8,456.3
2025-10-03,P01,85,6.3,535.6
2025-10-03,P02,79,3.8,302.6
2025-10-03,P03,84,5.5,462.3
2025-10-03,P04,71,7.6,537.6
2025-10-03,P05,60,8.0,481.6
2025-10-03,P06,103,7.1,734.3
2025-10-03,P07,55,2.7,149.6
2025-10-03,P08,96,6.2,592.0
2025-10-03,P09,60,7.8,465.6
2025-10-03,P10,57,5.4,305.7
2025-10-03,P11,85,4.3,368.0
2025-10-03,P12,72,7.6,549.6
2025-10-03,P13,79,7.9,621.8
2025-10-03,P14,97,6.0,583.1
2025-10-03,P15,30,4.3,130.2
2025-10-03,P16,90,3.7,330.7
2025-10-03,P17,68,6.5,442.5
2025-10-03,P18,104,5.1,534.3
2025-10-03,P19,62,5.9,367.1
2025-10-03,P20,82,5.8,473.0
2025-10-06,P01,95,4.8,456.1
2025-10-06,P02,77,6.7,513.4
2025-10-06,P03,66,7.3,479.1
2025-10-06,P04,77,7.2,553.1
2025-10-06,P05,78,6.6,512.0
2025-10-06,P06,62,5.1,313.3
2025-10-06,P07,99,7.0,688.4
2025-10-06,P08,54,6.3,338.6
2025-10-06,P09,30,5.1,154.2
2025-10-06,P10,94,5.8,546.4
2025-10-06,P11,77,1.5,113.6
2025-10-06,P12,67,6.5,436.0
2025-10-06,P13,84,7.4,625.3
2025-10-06,P14,70,5.8,402.6
2025-10-06,P15,48,5.7,273.3
2025-10-06,P16,49,3.2,158.2
2025-10-06,P17,53,8.3,437.9
2025-10-06,P18,69,6.3,436.8
2025-10-06,P19,64,3.3,212.1
2025-10-06,P20,93,2.7,255.0
2025-10-07,P01,63,5.9,372.8
2025-10-07,P02,79,4.9,387.9
2025-10-07,P03,38,4.8,182.3
2025-10-07,P04,60,4.8,290.4
2025-10-07,P05,94,4.2,392.9
2025-10-07,P06,81,6.2,505.2
2025-10-07,P07,94,5.8,545.2
2025-10-07,P08,90,5.7,516.8
2025-10-07,P09,83,3.7,310.9
2025-10-07,P10,30,6.6,197.0
2025-10-07,P11,83,6.7,557.2
2025-10-07,P12,64,8.2,527.0
2025-10-07,P13,65,6.6,431.0
2025-10-07,P14,86,8.6,737.7
2025-10-07,P15,68,5.0,341.4
2025-10-07,P16,45,8.3,374.8
2025-10-07,P17,83,6.7,554.4
2025-10-07,P18,120,6.5,778.5
2025-10-07,P19,48,5.7,273.9
2025-10-07,P20,55,5.4,297.3
2025-10-09,P01,66,5.1,337.9
2025-10-09,P02,47,8.4,394.3
2025-10-09,P03,80,5.7,452.9
2025-10-09,P04,90,6.7,603.6
2025-10-09,P05,80,7.0,562.2
2025-10-09,P06,77,7.0,539.4
2025-10-09,P07,90,6.2,562.0
2025-10-09,P08,70,8.3,580.7
2025-10-09,P09,65,6.6,428.2
2025-10-09,P10,83,5.1,422.1
2025-10-09,P11,58,5.5,317.2
2025-10-09,P12,65,3.8,247.8
2025-10-09,P13,61,6.4,390.4
2025-10-09,P14,100,6.8,683.2
2025-10-09,P15,30,7.0,208.9
2025-10-09,P16,63,6.7,420.8
2025-10-09,P17,74,5.7,422.6
2025-10-09,P18,72,6.0,429.6
2025-10-09,P19,101,6.0,603.0
2025-10-09,P20,96,7.4,711.3
2025-10-10,P01,88,3.3,292.2
2025-10-10,P02,97,5.3,515.4
2025-10-10,P03,89,4.5,404.2
2025-10-10,P04,51,9.0,457.2
2025-10-10,P05,55,7.7,424.6
2025-10-10,P06,77,5.4,413.5
2025-10-10,P07,74,4.0,299.6
2025-10-10,P08,74,4.4,323.8
2025-10-10,P09,67,7.4,495.0
2025-10-10,P10,80,3.8,302.1
2025-10-10,P11,92,6.0,551.0
2025-10-10,P12,64,7.1,455.7
2025-10-10,P13,71,4.3,301.9
2025-10-10,P14,111,6.0,663.1
2025-10-10,P15,73,5.4,393.6
2025-10-10,P16,98,5.2,510.8
2025-10-10,P17,44,5.0,219.2
2025-10-10,P18,101,7.2,732.1
2025-10-10,P19,69,8.1,556.1
2025-10-10,P20,89,5.6,498.4
2025-10-13,P01,71,6.5,461.1
2025-10-13,P02,58,6.0,348.4
2025-10-13,P03,81,3.5,281.0
2025-10-13,P04,71,5.5,393.7
2025-10-13,P05,95,3.2,307.2
2025-10-13,P06,67,5.3,353.6
2025-10-13,P07,94,5.9,557.9
2025-10-13,P08,110,7.0,769.3
2025-10-13,P09,66,6.4,419.7
2025-10-13,P10,67,7.3,488.4
2025-10-13,P11,48,4.8,228.7
2025-10-13,P12,84,7.8,658.4
2025-10-13,P13,30,8.1,241.9
2025-10-13,P14,72,3.2,228.5
2025-10-13,P15,30,3.7,111.2
2025-10-13,P16,74,5.9,436.7
2025-10-13,P17,87,5.2,450.3
2025-10-13,P18,52,5.4,279.8
2025-10-13,P19,75,6.3,476.0
2025-10-13,P20,59,7.4,433.8
2025-10-14,P01,62,4.7,291.1
2025-10-14,P02,64,7.6,487.2
2025-10-14,P03,72,5.0,357.0
2025-10-14,P04,93,9.2,856.9
2025-10-14,P05,79,7.9,620.2
2025-10-14,P06,95,5.1,483.7
2025-10-14,P07,75,4.1,305.7
2025-10-14,P08,70,5.1,354.3
2025-10-14,P09,66,4.9,321.8
2025-10-14,P10,69,6.8,469.1
2025-10-14,P11,72,3.2,230.6
2025-10-14,P12,60,3.7,223.3
2025-10-14,P13,79,6.8,533.6
2025-10-14,P14,80,4.8,385.5
2025-10-14,P15,79,5.3,418.3
2025-10-14,P16,52,7.1,369.9
2025-10-14,P17,91,7.4,675.5
2025-10-14,P18,62,7.8,481.7
2025-10-14,P19,65,7.0,453.7
2025-10-14,P20,64,5.7,362.5
2025-10-16,P01,30,5.5,166.4
2025-10-16,P02,76,5.4,409.3
2025-10-16,P03,110,4.3,468.2
2025-10-16,P04,63,4.6,292.5
2025-10-16,P05,63,7.5,475.5
2025-10-16,P06,104,4.9,514.7
2025-10-16,P07,60,4.3,255.9
2025-10-16,P08,101,7.7,775.8
2025-10-16,P09,72,3.9,281.2
2025-10-16,P10,48,6.3,300.3
2025-10-16,P11,85,2.9,246.6
2025-10-16,P12,68,8.4,573.1
2025-10-16,P13,70,8.2,576.4
2025-10-16,P14,87,4.4,380.5
2025-10-16,P15,69,5.8,400.7
2025-10-16,P16,55,4.5,250.0
2025-10-16,P17,105,4.5,476.1
2025-10-16,P18,96,5.3,513.1
2025-10-16,P19,74,6.8,506.4
2025-10-16,P20,63,6.9,431.7
2025-10-17,P01,34,6.7,226.4
2025-10-17,P02,30,5.7,169.8
2025-10-17,P03,92,6.9,637.9
2025-10-17,P04,49,4.2,208.0
2025-10-17,P05,61,6.3,383.0
2025-10-17,P06,34,6.0,203.3
2025-10-17,P07,81,5.6,451.6
2025-10-17,P08,85,6.3,538.5
2025-10-17,P09,64,3.1,198.1
2025-10-17,P10,77,4.6,351.9
2025-10-17,P11,63,6.7,423.3
2025-10-17,P12,103,5.9,612.1
2025-10-17,P13,86,3.8,329.7
2025-10-17,P14,79,5.9,466.9
2025-10-17,P15,99,5.2,513.7
2025-10-17,P16,70,7.6,531.2
2025-10-17,P17,73,4.3,316.6
2025-10-17,P18,120,4.4,525.9
2025-10-17,P19,73,6.5,476.0
2025-10-17,P20,80,5.7,457.2
2025-10-20,P01,71,5.6,401.0
2025-10-20,P02,52,9.2,479.7
2025-10-20,P03,70,6.9,482.7
2025-10-20,P04,68,5.5,371.8
2025-10-20,P05,65,3.7,238.9
2025-10-20,P06,71,5.4,382.7
2025-10-20,P07,98,4.2,412.1
2025-10-20,P08,63,4.7,293.1
2025-10-20,P09,103,4.7,483.7
2025-10-20,P10,86,7.5,641.2
2025-10-20,P11,72,3.9,283.3
2025-10-20,P12,47,7.3,342.6
2025-10-20,P13,49,6.6,322.8
2025-10-20,P14,77,6.6,505.6
2025-10-20,P15,84,4.6,386.4
2025-10-20,P16,55,7.1,389.0
2025-10-20,P17,62,1.9,116.2
2025-10-20,P18,87,4.4,386.8
2025-10-20,P19,84,8.1,679.5
2025-10-20,P20,75,7.5,562.0
2025-10-21,P01,78,8.4,653.7
2025-10-21,P02,53,6.0,317.3
2025-10-21,P03,88,5.7,502.9
2025-10-21,P04,98,5.4,524.5
2025-10-21,P05,116,9.2,1065.3
2025-10-21,P06,80,6.8,546.3
2025-10-21,P07,98,4.2,413.5
2025-10-21,P08,48,7.9,378.5
2025-10-21,P09,80,5.7,452.8
2025-10-21,P10,75,2.4,181.6
2025-10-21,P11,71,4.9,345.8
2025-10-21,P12,93,7.5,696.8
2025-10-21,P13,86,6.6,567.0
2025-10-21,P14,45,6.9,309.9
2025-10-21,P15,87,7.9,684.5
2025-10-21,P16,117,3.5,405.0
2025-10-21,P17,67,4.9,327.4
2025-10-21,P18,78,6.0,469.6
2025-10-21,P19,70,7.5,527.9
2025-10-21,P20,52,4.4,230.8
2025-10-23,P01,54,5.5,294.8
2025-10-23,P02,50,5.9,296.4
2025-10-23,P03,71,4.8,342.2
2025-10-23,P04,92,5.9,543.8
2025-10-23,P05,96,5.7,547.9
2025-10-23,P06,74,5.2,381.5
2025-10-23,P07,74,7.1,523.1
2025-10-23,P08,66,6.8,447.3
2025-10-23,P09,58,7.1,414.0
2025-10-23,P10,63,7.3,458.5
2025-10-23,P11,76,8.3,629.4
2025-10-23,P12,51,3.8,193.1
2025-10-23,P13,62,3.9,243.2
2025-10-23,P14,47,6.9,325.8
2025-10-23,P15,74,5.3,390.8
2025-10-23,P16,67,5.1,342.0
2025-10-23,P17,108,4.9,528.8
2025-10-23,P18,48,7.2,345.3
2025-10-23,P19,70,9.1,634.1
2025-10-23,P20,64,7.3,465.2
2025-10-24,P01,96,5.2,500.9
2025-10-24,P02,60,7.1,426.7
2025-10-24,P03,86,3.9,334.0
2025-10-24,P04,52,2.2,114.2
2025-10-24,P05,86,5.6,482.2
2025-10-24,P06,71,3.5,245.9
2025-10-24,P07,53,5.3,280.0
2025-10-24,P08,61,6.2,376.8
2025-10-24,P09,86,9.4,808.8
2025-10-24,P10,74,7.7,567.8
2025-10-24,P11,58,3.5,202.3
2025-10-24,P12,67,3.6,241.4
2025-10-24,P13,75,4.8,362.2
2025-10-24,P14,35,8.6,301.1
2025-10-24,P15,64,3.5,226.8
2025-10-24,P16,92,4.9,451.5
2025-10-24,P17,96,4.9,470.4
2025-10-24,P18,64,6.5,417.1
2025-10-24,P19,86,7.2,615.1
2025-10-24,P20,73,6.8,495.9
2025-10-27,P01,89,6.3,560.8
2025-10-27,P02,72,3.8,275.9
2025-10-27,P03,86,6.1,521.4
2025-10-27,P04,66,7.9,522.5
2025-10-27,P05,46,8.5,389.4
2025-10-27,P06,74,6.5,479.2
2025-10-27,P07,67,3.5,234.5
2025-10-27,P08,72,6.5,468.2
2025-10-27,P09,88,5.7,501.9
2025-10-27,P10,31,3.7,114.3
2025-10-27,P11,116,4.4,505.9
2025-10-27,P12,103,4.6,473.7
2025-10-27,P13,71,6.9,492.6
2025-10-27,P14,58,8.4,486.5
2025-10-27,P15,76,6.7,508.5
2025-10-27,P16,69,7.0,482.2
2025-10-27,P17,106,5.8,615.1
2025-10-27,P18,109,5.1,554.0
2025-10-27,P19,90,6.7,606.0
2025-10-27,P20,53,6.3,335.0
2025-10-28,P01,75,4.7,354.0
2025-10-28,P02,82,6.2,510.0
2025-10-28,P03,73,5.9,430.5
2025-10-28,P04,73,5.4,397.7
2025-10-28,P05,77,5.0,387.6
2025-10-28,P06,120,3.9,466.3
2025-10-28,P07,63,5.2,330.2
2025-10-28,P08,115,4.0,462.3
2025-10-28,P09,83,6.4,528.9
2025-10-28,P10,81,7.9,636.2
2025-10-28,P11,99,5.3,527.0
2025-10-28,P12,78,3.2,249.9
2025-10-28,P13,76,4.8,365.5
2025-10-28,P14,71,3.5,246.5
2025-10-28,P15,83,3.5,286.8
2025-10-28,P16,77,4.2,320.3
2025-10-28,P17,58,7.7,448.5
2025-10-28,P18,86,7.7,664.2
2025-10-28,P19,106,4.8,513.1
2025-10-28,P20,104,3.8,395.4
2025-10-30,P01,89,5.3,468.1
2025-10-30,P02,56,6.9,387.6
2025-10-30,P03,93,7.4,685.7
2025-10-30,P04,79,6.2,489.6
2025-10-30,P05,85,6.5,548.7
2025-10-30,P06,85,6.3,536.0
2025-10-30,P07,91,3.6,323.9
2025-10-30,P08,72,3.9,282.5
2025-10-30,P09,80,8.5,677.0
2025-10-30,P10,65,6.2,402.4
2025-10-30,P11,90,2.9,260.9
2025-10-30,P12,64,6.5,419.0
2025-10-30,P13,30,4.5,136.0
2025-10-30,P14,97,7.5,727.9
2025-10-30,P15,82,7.3,600.5
2025-10-30,P16,79,6.8,539.8
2025-10-30,P17,68,6.2,419.8
2025-10-30,P18,62,7.9,489.5
2025-10-30,P19,105,8.1,847.3
2025-10-30,P20,66,4.6,301.6
2025-10-31,P01,100,6.8,681.6
2025-10-31,P02,81,5.0,409.0
2025-10-31,P03,83,4.4,362.9
2025-10-31,P04,87,8.1,701.9
2025-10-31,P05,107,7.1,755.7
2025-10-31,P06,47,6.3,295.9
2025-10-31,P07,117,4.7,549.6
2025-10-31,P08,73,8.1,592.8
2025-10-31,P09,87,9.7,845.7
2025-10-31,P10,60,4.5,270.9
2025-10-31,P11,99,4.2,416.4
2025-10-31,P12,71,5.9,419.0
2025-10-31,P13,95,6.9,657.5
2025-10-31,P14,84,5.4,453.3
2025-10-31,P15,99,10.0,990.0
2025-10-31,P16,88,6.1,541.2
2025-10-31,P17,49,5.0,247.1
2025-10-31,P18,70,5.2,363.9
2025-10-31,P19,74,8.7,641.4
2025-10-31,P20,99,5.8,570.4
2025-11-03,P01,50,8.0,400.3
2025-11-03,P02,74,3.4,252.4
2025-11-03,P03,89,7.5,670.9
2025-11-03,P04,30,4.8,142.9
2025-11-03,P05,72,7.1,511.3
2025-11-03,P06,64,4.8,304.1
2025-11-03,P07,89,5.3,471.5
2025-11-03,P08,85,4.3,368.3
2025-11-03,P09,47,7.1,335.2
2025-11-03,P10,80,7.4,590.7
2025-11-03,P11,64,4.8,307.7
2025-11-03,P12,102,3.7,379.0
2025-11-03,P13,100,8.0,798.1
2025-11-03,P14,92,5.0,457.1
2025-11-03,P15,58,5.7,329.7
2025-11-03,P16,49,4.6,223.3
2025-11-03,P17,87,7.0,606.7
2025-11-03,P18,54,7.0,378.8
2025-11-03,P19,84,8.3,694.2
2025-11-03,P20,86,7.6,652.6
2025-11-04,P01,84,7.5,627.5
2025-11-04,P02,49,5.8,285.1
2025-11-04,P03,74,5.6,416.9
2025-11-04,P04,83,7.0,577.0
2025-11-04,P05,82,5.7,470.2
2025-11-04,P06,60,7.6,458.7
2025-11-04,P07,81,4.5,362.2
2025-11-04,P08,71,3.4,240.3
2025-11-04,P09,75,5.7,427.7
2025-11-04,P10,63,8.4,527.7
2025-11-04,P11,51,7.1,360.0
2025-11-04,P12,118,7.6,898.7
2025-11-04,P13,74,4.3,318.1
2025-11-04,P14,47,5.4,253.0
2025-11-04,P15,61,4.9,300.2
2025-11-04,P16,68,5.8,397.6
2025-11-04,P17,84,4.1,348.0
2025-11-04,P18,61,5.8,351.4
2025-11-04,P19,71,8.8,621.6
2025-11-04,P20,79,3.6,282.8
2025-11-06,P01,83,6.8,565.9
2025-11-06,P02,72,4.2,301.0
2025-11-06,P03,110,4.4,483.5
2025-11-06,P04,88,6.3,554.4
2025-11-06,P05,87,8.6,744.7
2025-11-06,P06,86,5.2,443.9
2025-11-06,P07,97,5.1,490.2
2025-11-06,P08,78,4.1,316.7
2025-11-06,P09,54,6.1,328.2
2025-11-06,P10,82,3.4,282.6
2025-11-06,P11,84,4.8,400.8
2025-11-06,P12,100,5.5,547.2
2025-11-06,P13,52,6.1,317.9
2025-11-06,P14,56,7.9,442.6
2025-11-06,P15,75,5.8,432.9
2025-11-06,P16,86,4.5,386.4
2025-11-06,P17,49,6.6,324.0
2025-11-06,P18,53,4.3,230.5
2025-11-06,P19,91,6.8,617.7
2025-11-06,P20,49,5.1,248.5
2025-11-07,P01,56,8.7,485.2
2025-11-07,P02,93,5.4,499.3
2025-11-07,P03,86,4.0,341.1
2025-11-07,P04,61,6.2,375.6
2025-11-07,P05,84,5.9,491.7
2025-11-07,P06,79,6.1,483.3
2025-11-07,P07,71,5.6,394.5
2025-11-07,P08,66,6.3,419.0
2025-11-07,P09,83,6.3,522.7
2025-11-07,P10,51,4.5,229.6
2025-11-07,P11,82,8.2,673.0
2025-11-07,P12,78,5.4,419.8
2025-11-07,P13,79,4.3,339.3
2025-11-07,P14,101,6.3,634.3
2025-11-07,P15,61,5.7,350.7
2025-11-07,P16,64,8.0,509.9
2025-11-07,P17,70,6.2,436.3
2025-11-07,P18,86,4.9,420.4
2025-11-07,P19,78,6.4,500.1
2025-11-07,P20,43,6.4,274.3
2025-11-10,P01,74,6.2,458.4
2025-11-10,P02,75,6.4,479.2
2025-11-10,P03,101,4.2,427.3
2025-11-10,P04,68,7.0,476.0
2025-11-10,P05,84,6.7,561.9
2025-11-10,P06,120,6.9,830.5
2025-11-10,P07,97,5.5,537.3
2025-11-10,P08,55,5.5,304.1
2025-11-10,P09,89,6.6,588.3
2025-11-10,P10,83,5.7,471.3
2025-11-10,P11,67,5.7,383.9
2025-11-10,P12,89,7.3,646.2
2025-11-10,P13,54,7.1,385.7
2025-11-10,P14,61,6.7,408.9
2025-11-10,P15,71,8.3,592.8
2025-11-10,P16,66,6.3,413.7
2025-11-10,P17,87,4.7,407.9
2025-11-10,P18,73,5.6,408.8
2025-11-10,P19,64,5.3,341.8
2025-11-10,P20,97,5.1,494.9
2025-11-11,P01,86,6.5,556.6
2025-11-11,P02,47,6.8,318.6
2025-11-11,P03,46,6.9,319.3
2025-11-11,P04,64,6.0,384.8
2025-11-11,P05,49,6.2,303.0
2025-11-11,P06,93,4.8,445.4
2025-11-11,P07,62,6.7,414.3
2025-11-11,P08,84,2.3,197.3
2025-11-11,P09,115,6.8,781.2
2025-11-11,P10,88,5.8,509.1
2025-11-11,P11,37,7.0,259.4
2025-11-11,P12,63,6.8,429.4
2025-11-11,P13,70,6.4,445.0
2025-11-11,P14,59,7.3,430.5
2025-11-11,P15,51,9.4,477.8
2025-11-11,P16,119,8.4,1005.4
2025-11-11,P17,100,5.9,587.3
2025-11-11,P18,98,5.9,573.9
2025-11-11,P19,43,8.3,355.0
2025-11-11,P20,97,6.0,577.4
2025-11-13,P01,50,5.1,256.0
2025-11-13,P02,38,7.4,281.9
2025-11-13,P03,42,6.4,270.1
2025-11-13,P04,58,3.9,223.9
2025-11-13,P05,79,5.5,434.4
2025-11-13,P06,91,4.1,373.0
2025-11-13,P07,59,2.4,142.7
2025-11-13,P08,31,8.7,269.6
2025-11-13,P09,116,6.1,712.1
2025-11-13,P10,58,5.6,322.0
2025-11-13,P11,92,5.2,481.0
2025-11-13,P12,79,6.0,472.5
2025-11-13,P13,63,5.2,328.3
2025-11-13,P14,80,4.5,362.8
2025-11-13,P15,84,5.3,444.6
2025-11-13,P16,77,8.1,621.8
2025-11-13,P17,71,7.4,524.0
2025-11-13,P18,39,5.3,206.5
2025-11-13,P19,75,8.9,666.4
2025-11-13,P20,35,5.9,204.9
2025-11-14,P01,104,4.8,501.5
2025-11-14,P02,70,6.5,454.8
2025-11-14,P03,78,8.3,651.2
2025-11-14,P04,83,8.0,663.3
2025-11-14,P05,67,4.9,327.6
2025-11-14,P06,70,4.3,298.3
2025-11-14,P07,84,5.4,455.4
2025-11-14,P08,61,6.7,411.6
2025-11-14,P09,52,7.2,372.1
2025-11-14,P10,65,7.7,503.0
2025-11-14,P11,67,6.9,465.5
2025-11-14,P12,78,7.1,555.0
2025-11-14,P13,77,3.5,269.9
2025-11-14,P14,95,5.9,557.5
2025-11-14,P15,90,7.0,633.2
2025-11-14,P16,59,4.6,273.0
2025-11-14,P17,88,5.5,488.0
2025-11-14,P18,93,5.7,533.1
2025-11-14,P19,95,6.6,630.3
2025-11-14,P20,80,5.4,435.1
2025-11-17,P01,79,7.8,615.4
2025-11-17,P02,73,6.8,496.2
2025-11-17,P03,75,6.2,464.0
2025-11-17,P04,109,7.8,850.5
2025-11-17,P05,76,6.3,480.4
2025-11-17,P06,60,5.7,344.4
2025-11-17,P07,81,7.3,589.3
2025-11-17,P08,89,4.3,385.9
2025-11-17,P09,94,5.9,551.5
2025-11-17,P10,55,8.0,440.3
2025-11-17,P11,104,6.4,665.1
2025-11-17,P12,89,7.2,636.5
2025-11-17,P13,102,7.1,723.4
2025-11-17,P14,48,9.0,432.7
2025-11-17,P15,96,5.2,502.6
2025-11-17,P16,54,6.8,364.9
2025-11-17,P17,69,6.5,448.2
2025-11-17,P18,89,5.2,458.4
2025-11-17,P19,52,6.6,342.1
2025-11-17,P20,64,6.2,398.0
2025-11-18,P01,48,5.6,269.8
2025-11-18,P02,89,6.9,614.9
2025-11-18,P03,59,4.2,250.6
2025-11-18,P04,75,6.8,513.1
2025-11-18,P05,83,5.2,434.2
2025-11-18,P06,80,8.3,660.3
2025-11-18,P07,79,3.6,280.5
2025-11-18,P08,79,9.1,716.2
2025-11-18,P09,49,6.0,296.2
2025-11-18,P10,70,6.1,430.1
2025-11-18,P11,78,7.7,601.4
2025-11-18,P12,76,7.9,601.6
2025-11-18,P13,72,5.5,394.2
2025-11-18,P14,61,3.3,199.7
2025-11-18,P15,80,9.1,726.5
2025-11-18,P16,84,7.0,590.5
2025-11-18,P17,66,5.6,371.8
2025-11-18,P18,94,9.0,847.2
2025-11-18,P19,104,7.2,749.6
2025-11-18,P20,75,6.3,473.6
2025-11-20,P01,59,3.8,225.8
2025-11-20,P02,52,6.1,315.9
2025-11-20,P03,69,3.8,261.9
2025-11-20,P04,74,5.5,408.7
2025-11-20,P05,51,5.4,277.7
2025-11-20,P06,68,5.1,345.1
2025-11-20,P07,93,3.1,292.5
2025-11-20,P08,35,6.0,210.2
2025-11-20,P09,76,6.6,502.1
2025-11-20,P10,64,4.6,295.9
2025-11-20,P11,74,5.3,395.0
2025-11-20,P12,106,5.5,584.4
2025-11-20,P13,73,9.7,709.1
2025-11-20,P14,71,6.8,485.2
2025-11-20,P15,87,7.1,617.4
2025-11-20,P16,80,6.3,503.3
2025-11-20,P17,77,5.1,395.5
2025-11-20,P18,81,9.0,732.5
2025-11-20,P19,99,6.5,639.1
2025-11-20,P20,92,4.7,432.1
2025-11-21,P01,69,7.4,512.1
2025-11-21,P02,104,4.8,503.7
2025-11-21,P03,65,9.3,602.7
2025-11-21,P04,76,8.7,663.9
2025-11-21,P05,79,6.4,503.2
2025-11-21,P06,68,7.4,504.1
2025-11-21,P07,102,4.4,453.6
2025-11-21,P08,67,7.4,494.0
2025-11-21,P09,72,5.3,378.7
2025-11-21,P10,95,7.7,727.2
2025-11-21,P11,66,6.3,417.0
2025-11-21,P12,50,4.7,232.8
2025-11-21,P13,77,6.0,465.6
2025-11-21,P14,55,4.9,270.9
2025-11-21,P15,53,6.7,354.2
2025-11-21,P16,35,4.5,156.9
2025-11-21,P17,37,6.6,245.3
2025-11-21,P18,38,6.0,229.8
2025-11-21,P19,107,8.5,910.6
2025-11-21,P20,38,6.4,245.0
2025-11-24,P01,55,4.2,231.6
2025-11-24,P02,72,7.8,564.7
2025-11-24,P03,86,4.9,423.7
2025-11-24,P04,89,2.6,234.5
2025-11-24,P05,59,4.8,281.1
2025-11-24,P06,76,5.7,432.9
2025-11-24,P07,72,5.7,413.1
2025-11-24,P08,75,6.8,510.8
2025-11-24,P09,77,5.6,429.2
2025-11-24,P10,83,7.2,600.9
2025-11-24,P11,63,5.9,372.4
2025-11-24,P12,98,4.3,425.9
2025-11-24,P13,111,4.0,443.0
2025-11-24,P14,68,4.6,311.1
2025-11-24,P15,118,5.2,618.9
2025-11-24,P16,64,5.4,348.4
2025-11-24,P17,76,5.5,418.6
2025-11-24,P18,72,1.0,72.0
2025-11-24,P19,76,6.0,458.0
2025-11-24,P20,95,8.0,756.5
2025-11-25,P01,71,7.2,512.9
2025-11-25,P02,52,7.2,371.9
2025-11-25,P03,63,4.2,266.0
2025-11-25,P04,71,8.1,575.2
2025-11-25,P05,78,8.2,643.1
2025-11-25,P06,60,7.6,454.3
2025-11-25,P07,61,6.3,386.6
2025-11-25,P08,79,7.0,552.4
2025-11-25,P09,80,4.9,391.3
2025-11-25,P10,92,8.6,791.0
2025-11-25,P11,63,3.2,204.6
2025-11-25,P12,84,5.5,462.3
2025-11-25,P13,72,6.8,492.1
2025-11-25,P14,65,5.6,363.8
2025-11-25,P15,72,8.2,590.7
2025-11-25,P16,75,4.1,311.0
2025-11-25,P17,51,6.2,316.7
2025-11-25,P18,52,3.7,190.1
2025-11-25,P19,87,7.0,611.3
2025-11-25,P20,67,6.4,431.5
2025-11-27,P01,78,6.9,538.5
2025-11-27,P02,87,2.1,181.9
2025-11-27,P03,70,6.8,474.4
2025-11-27,P04,66,6.1,399.6
2025-11-27,P05,90,6.1,550.9
2025-11-27,P06,105,7.7,807.5
2025-11-27,P07,72,5.7,410.6
2025-11-27,P08,30,5.5,165.3
2025-11-27,P09,47,6.3,297.6
2025-11-27,P10,78,7.0,549.4
2025-11-27,P11,102,6.0,608.0
2025-11-27,P12,120,6.3,761.8
2025-11-27,P13,48,5.2,247.5
2025-11-27,P14,67,6.9,461.5
2025-11-27,P15,56,5.6,311.0
2025-11-27,P16,71,5.3,378.3
2025-11-27,P17,91,7.0,633.5
2025-11-27,P18,98,5.5,539.3
2025-11-27,P19,99,4.0,391.4
2025-11-27,P20,47,4.2,196.4
2025-11-28,P01,75,7.8,585.3
2025-11-28,P02,62,5.3,327.7
2025-11-28,P03,70,6.9,480.1
2025-11-28,P04,65,5.2,338.0
2025-11-28,P05,48,5.1,246.8
2025-11-28,P06,98,6.1,601.4
2025-11-28,P07,60,7.9,471.3
2025-11-28,P08,63,8.1,512.2
2025-11-28,P09,103,6.1,626.7
2025-11-28,P10,45,9.4,424.5
2025-11-28,P11,82,5.5,452.2
2025-11-28,P12,94,7.1,663.0
2025-11-28,P13,101,5.0,505.7
2025-11-28,P14,81,4.2,341.9
2025-11-28,P15,88,6.0,525.0
2025-11-28,P16,80,5.8,462.4
2025-11-28,P17,69,4.7,324.1
2025-11-28,P18,90,8.2,741.1
2025-11-28,P19,63,6.8,430.3
2025-11-28,P20,83,6.0,499.0
2025-12-01,P01,44,4.0,178.1
2025-12-01,P02,59,2.8,164.7
2025-12-01,P03,103,6.6,674.8
2025-12-01,P04,74,2.7,200.9
2025-12-01,P05,38,6.0,227.9
2025-12-01,P06,114,5.0,564.5
2025-12-01,P07,92,5.3,485.8
2025-12-01,P08,76,7.8,594.5
2025-12-01,P09,68,5.0,337.6
2025-12-01,P10,103,6.1,625.0
2025-12-01,P11,96,5.0,477.3
2025-12-01,P12,103,6.4,660.3
2025-12-01,P13,83,6.2,514.4
2025-12-01,P14,64,6.0,383.8
2025-12-01,P15,66,7.4,491.0
2025-12-01,P16,70,3.8,262.9
2025-12-01,P17,41,3.4,139.8
2025-12-01,P18,87,4.3,371.7
2025-12-01,P19,81,6.2,502.6
2025-12-01,P20,73,6.7,486.0
2025-12-02,P01,78,1.9,151.0
2025-12-02,P02,68,6.6,451.4
2025-12-02,P03,107,8.5,912.7
2025-12-02,P04,47,5.5,257.3
2025-12-02,P05,43,8.3,356.0
2025-12-02,P06,95,6.5,620.0
2025-12-02,P07,78,8.1,629.5
2025-12-02,P08,99,7.7,766.0
2025-12-02,P09,84,5.5,460.0
2025-12-02,P10,90,7.2,650.2
2025-12-02,P11,71,5.5,388.6
2025-12-02,P12,97,8.5,824.1
2025-12-02,P13,60,5.6,336.3
2025-12-02,P14,82,6.7,551.9
2025-12-02,P15,64,8.8,564.8
2025-12-02,P16,83,6.8,564.2
2025-12-02,P17,110,5.3,585.9
2025-12-02,P18,73,4.1,300.8
2025-12-02,P19,71,3.8,267.4
2025-12-02,P20,89,6.6,590.1
2025-12-04,P01,69,5.8,403.6
2025-12-04,P02,90,4.3,386.7
2025-12-04,P03,79,7.0,556.9
2025-12-04,P04,39,7.0,274.1
2025-12-04,P05,41,5.8,238.8
2025-12-04,P06,51,8.1,415.5
2025-12-04,P07,51,3.5,179.8
2025-12-04,P08,77,5.4,414.2
2025-12-04,P09,44,6.8,298.7
2025-12-04,P10,35,4.4,155.6
2025-12-04,P11,63,7.2,453.8
2025-12-04,P12,100,7.7,765.4
2025-12-04,P13,71,2.4,167.5
2025-12-04,P14,82,8.2,672.9
2025-12-04,P15,99,6.7,662.7
2025-12-04,P16,51,5.2,265.8
2025-12-04,P17,113,3.9,437.9
2025-12-04,P18,52,7.4,385.5
2025-12-04,P19,66,4.2,279.0
2025-12-04,P20,105,6.7,702.6
2025-12-05,P01,67,4.3,286.8
2025-12-05,P02,115,6.0,685.8
2025-12-05,P03,102,7.3,748.7
2025-12-05,P04,64,5.2,334.8
2025-12-05,P05,103,8.2,844.0
2025-12-05,P06,37,6.8,252.5
2025-12-05,P07,72,4.5,320.4
2025-12-05,P08,80,4.0,318.0
2025-12-05,P09,65,4.8,312.1
2025-12-05,P10,65,5.9,383.0
2025-12-05,P11,54,8.4,451.4
2025-12-05,P12,84,8.7,730.1
2025-12-05,P13,71,5.2,367.6
2025-12-05,P14,110,5.1,564.6
2025-12-05,P15,71,7.1,502.7
2025-12-05,P16,50,7.1,353.3
2025-12-05,P17,86,7.9,679.7
2025-12-05,P18,92,7.9,731.4
2025-12-05,P19,72,4.7,338.8
2025-12-05,P20,117,3.7,434.1
2025-12-08,P01,46,6.8,315.0
2025-12-08,P02,107,6.3,672.4
2025-12-08,P03,94,3.0,282.6
2025-12-08,P04,65,3.2,207.3
2025-12-08,P05,90,3.7,331.1
2025-12-08,P06,49,6.8,331.8
2025-12-08,P07,96,5.8,553.1
2025-12-08,P08,86,6.8,585.4
2025-12-08,P09,70,4.4,305.1
2025-12-08,P10,86,6.9,595.1
2025-12-08,P11,92,6.5,595.1
2025-12-08,P12,51,7.0,358.8
2025-12-08,P13,74,5.3,390.4
2025-12-08,P14,69,5.0,342.6
2025-12-08,P15,92,3.9,356.3
2025-12-08,P16,55,5.5,302.9
2025-12-08,P17,107,7.6,811.2
2025-12-08,P18,42,8.0,337.1
2025-12-08,P19,101,4.2,428.1
2025-12-08,P20,30,5.9,176.8
2025-12-09,P01,97,8.4,813.5
2025-12-09,P02,57,8.6,491.8
2025-12-09,P03,30,5.4,163.4
2025-12-09,P04,66,7.7,510.1
2025-12-09,P05,100,7.4,743.1
2025-12-09,P06,47,7.3,342.8
2025-12-09,P07,85,3.5,296.9
2025-12-09,P08,33,7.6,249.4
2025-12-09,P09,71,4.1,289.1
2025-12-09,P10,70,6.5,458.2
2025-12-09,P11,73,3.7,268.1
2025-12-09,P12,112,7.5,840.7
2025-12-09,P13,68,5.6,377.9
2025-12-09,P14,82,4.3,353.1
2025-12-09,P15,81,4.0,324.3
2025-12-09,P16,73,4.2,310.0
2025-12-09,P17,52,8.5,440.4
2025-12-09,P18,76,6.3,479.6
2025-12-09,P19,34,5.1,173.6
2025-12-09,P20,84,6.3,528.5
2025-12-11,P01,31,6.3,195.6
2025-12-11,P02,82,7.9,649.9
2025-12-11,P03,61,2.6,160.9
2025-12-11,P04,55,4.4,239.5
2025-12-11,P05,89,1.9,171.3
2025-12-11,P06,66,8.1,537.2
2025-12-11,P07,75,7.3,550.8
2025-12-11,P08,42,3.6,151.1
2025-12-11,P09,103,6.2,633.6
2025-12-11,P10,77,4.3,332.9
2025-12-11,P11,77,4.3,329.6
2025-12-11,P12,98,10.0,980.0
2025-12-11,P13,84,5.0,424.0
2025-12-11,P14,30,3.5,104.2
2025-12-11,P15,106,4.5,472.4
2025-12-11,P16,67,7.0,467.9
2025-12-11,P17,104,5.7,592.9
2025-12-11,P18,66,6.1,403.1
2025-12-11,P19,62,5.1,318.6
2025-12-11,P20,83,6.3,521.1
2025-12-12,P01,117,6.7,779.0
2025-12-12,P02,98,4.4,430.5
2025-12-12,P03,85,4.9,417.8
2025-12-12,P04,82,7.0,576.7
2025-12-12,P05,75,9.6,720.8
2025-12-12,P06,103,7.8,799.9
2025-12-12,P07,90,8.6,778.1
2025-12-12,P08,46,8.1,370.5
2025-12-12,P09,55,5.2,283.4
2025-12-12,P10,86,7.8,675.1
2025-12-12,P11,51,5.2,266.8
2025-12-12,P12,76,5.7,434.8
2025-12-12,P13,92,10.0,920.0
2025-12-12,P14,83,4.9,406.5
2025-12-12,P15,49,5.5,270.1
2025-12-12,P16,56,6.7,375.3
2025-12-12,P17,84,5.3,445.6
2025-12-12,P18,114,4.9,558.2
2025-12-12,P19,72,7.0,501.0
2025-12-12,P20,92,7.9,728.3
2025-12-15,P01,83,7.6,628.8
2025-12-15,P02,61,7.4,450.0
2025-12-15,P03,93,8.3,769.0
2025-12-15,P04,41,4.6,190.2
2025-12-15,P05,91,2.0,184.1
2025-12-15,P06,84,7.6,637.5
2025-12-15,P07,63,5.4,337.3
2025-12-15,P08,53,5.2,276.5
2025-12-15,P09,65,5.0,323.4
2025-12-15,P10,60,5.6,335.6
2025-12-15,P11,69,8.8,608.0
2025-12-15,P12,67,6.5,436.6
2025-12-15,P13,63,5.1,322.3
2025-12-15,P14,40,3.6,145.7
2025-12-15,P15,50,6.3,313.8
2025-12-15,P16,96,3.3,318.7
2025-12-15,P17,64,3.9,252.8
2025-12-15,P18,69,7.6,525.3
2025-12-15,P19,66,5.9,391.3
2025-12-15,P20,104,6.7,695.4
2025-12-16,P01,59,6.2,368.1
2025-12-16,P02,58,6.6,384.6
2025-12-16,P03,85,3.9,335.7
2025-12-16,P04,78,5.8,454.2
2025-12-16,P05,85,7.2,616.0
2025-12-16,P06,84,5.5,465.8
2025-12-16,P07,93,4.7,436.2
2025-12-16,P08,48,1.2,57.9
2025-12-16,P09,73,4.8,348.0
2025-12-16,P10,82,3.0,249.5
2025-12-16,P11,62,6.7,415.7
2025-12-16,P12,54,6.6,357.1
2025-12-16,P13,63,6.0,374.9
2025-12-16,P14,86,7.4,638.9
2025-12-16,P15,76,4.8,363.2
2025-12-16,P16,65,7.0,452.1
2025-12-16,P17,54,5.7,309.6
2025-12-16,P18,67,5.8,391.6
2025-12-16,P19,54,3.2,174.0
2025-12-16,P20,85,7.4,632.9
2025-12-18,P01,39,6.6,255.6
2025-12-18,P02,96,6.9,661.8
2025-12-18,P03,66,4.6,302.6
2025-12-18,P04,76,6.4,484.2
2025-12-18,P05,76,5.7,435.5
2025-12-18,P06,53,6.6,351.6
2025-12-18,P07,84,6.3,529.3
2025-12-18,P08,77,8.5,656.0
2025-12-18,P09,62,7.9,491.2
2025-12-18,P10,60,7.7,459.8
2025-12-18,P11,99,5.6,550.5
2025-12-18,P12,108,6.7,724.0
2025-12-18,P13,57,5.4,310.0
2025-12-18,P14,97,7.4,716.3
2025-12-18,P15,53,5.8,306.9
2025-12-18,P16,79,5.2,413.8
2025-12-18,P17,120,6.4,762.1
2025-12-18,P18,73,7.8,568.4
2025-12-18,P19,67,7.5,503.2
2025-12-18,P20,41,5.3,218.1
2025-12-19,P01,95,8.4,793.8
2025-12-19,P02,59,4.7,275.3
2025-12-19,P03,86,5.1,435.6
2025-12-19,P04,69,7.3,504.7
2025-12-19,P05,64,3.1,195.3
2025-12-19,P06,48,6.0,288.7
2025-12-19,P07,37,5.6,205.5
2025-12-19,P08,47,8.5,397.6
2025-12-19,P09,118,4.4,520.7
2025-12-19,P10,80,4.6,364.8
2025-12-19,P11,68,8.7,592.0
2025-12-19,P12,65,5.6,362.1
2025-12-19,P13,56,7.7,432.3
2025-12-19,P14,30,5.3,160.1
2025-12-19,P15,74,5.0,370.6
2025-12-19,P16,92,7.8,717.9
2025-12-19,P17,46,9.1,420.5
2025-12-19,P18,46,7.9,364.9
2025-12-19,P19,77,5.2,403.8
2025-12-19,P20,66,5.9,392.7
2025-12-22,P01,79,4.6,365.0
2025-12-22,P02,70,4.8,339.1
2025-12-22,P03,50,4.8,238.7
2025-12-22,P04,52,5.4,279.2
2025-12-22,P05,83,6.2,513.0
2025-12-22,P06,114,2.7,306.0
2025-12-22,P07,84,6.0,504.8
2025-12-22,P08,91,7.1,643.8
2025-12-22,P09,71,6.3,444.4
2025-12-22,P10,60,6.9,415.2
2025-12-22,P11,37,7.2,265.1
2025-12-22,P12,74,5.3,389.9
2025-12-22,P13,70,5.8,403.3
2025-12-22,P14,100,10.0,1000.0
2025-12-22,P15,99,5.2,510.0
2025-12-22,P16,87,7.0,609.9
2025-12-22,P17,56,4.1,230.1
2025-12-22,P18,73,7.2,526.4
2025-12-22,P19,42,4.9,206.6
2025-12-22,P20,86,6.1,521.4
2025-12-23,P01,103,3.9,399.9
2025-12-23,P02,120,3.7,443.2
2025-12-23,P03,34,5.9,201.0
2025-12-23,P04,52,5.9,309.0
2025-12-23,P05,73,5.7,416.6
2025-12-23,P06,58,6.6,385.6
2025-12-23,P07,68,7.7,520.6
2025-12-23,P08,71,4.6,323.3
2025-12-23,P09,41,5.7,235.4
2025-12-23,P10,49,4.0,194.8
2025-12-23,P11,85,3.3,283.3
2025-12-23,P12,103,6.2,642.7
2025-12-23,P13,74,4.4,329.1
2025-12-23,P14,90,6.0,539.6
2025-12-23,P15,61,6.3,384.3
2025-12-23,P16,41,3.5,145.4
2025-12-23,P17,52,6.5,339.3
2025-12-23,P18,74,7.6,560.4
2025-12-23,P19,56,6.9,384.3
2025-12-23,P20,72,4.6,330.2
2025-12-25,P01,82,5.9,483.9
2025-12-25,P02,62,6.1,375.9
2025-12-25,P03,72,5.8,415.4
2025-12-25,P04,66,4.0,266.8
2025-12-25,P05,76,4.8,364.5
2025-12-25,P06,54,5.6,304.5
2025-12-25,P07,89,6.3,558.8
2025-12-25,P08,64,5.1,329.2
2025-12-25,P09,87,2.4,209.2
2025-12-25,P10,90,3.2,287.0
2025-12-25,P11,46,5.2,240.5
2025-12-25,P12,118,8.5,1004.9
2025-12-25,P13,89,6.5,581.6
2025-12-25,P14,37,6.2,230.7
2025-12-25,P15,64,4.8,305.6
2025-12-25,P16,78,5.3,412.9
2025-12-25,P17,92,3.1,284.8
2025-12-25,P18,76,4.7,355.8
2025-12-25,P19,66,6.5,426.2
2025-12-25,P20,52,6.2,324.8
2025-12-26,P01,70,5.0,350.6
2025-12-26,P02,65,5.8,374.9
2025-12-26,P03,59,6.0,354.6
2025-12-26,P04,69,5.1,350.7
2025-12-26,P05,106,6.6,702.0
2025-12-26,P06,67,6.2,416.7
2025-12-26,P07,54,5.3,288.6
2025-12-26,P08,68,4.1,280.8
2025-12-26,P09,82,5.2,429.8
2025-12-26,P10,67,5.1,344.8
2025-12-26,P11,120,5.0,600.7
2025-12-26,P12,33,3.6,118.8
2025-12-26,P13,90,8.0,720.4
2025-12-26,P14,61,7.9,483.0
2025-12-26,P15,89,5.7,508.7
2025-12-26,P16,69,6.3,432.7
2025-12-26,P17,92,6.6,606.8
2025-12-26,P18,61,5.7,350.1
2025-12-26,P19,114,6.4,727.0
2025-12-26,P20,92,6.8,626.5
2025-12-29,P01,80,6.2,493.0
2025-12-29,P02,92,7.1,651.2
2025-12-29,P03,80,5.0,396.7
2025-12-29,P04,82,5.9,483.8
2025-12-29,P05,68,10.0,680.0
2025-12-29,P06,44,7.4,327.3
2025-12-29,P07,57,6.2,353.2
2025-12-29,P08,120,4.6,546.8
2025-12-29,P09,60,6.0,358.4
2025-12-29,P10,58,7.3,424.9
2025-12-29,P11,64,7.0,446.8
2025-12-29,P12,48,3.3,157.9
2025-12-29,P13,70,3.6,255.3
2025-12-29,P14,105,3.7,389.1
2025-12-29,P15,54,6.6,357.5
2025-12-29,P16,63,3.7,234.5
2025-12-29,P17,115,4.5,517.2
2025-12-29,P18,71,5.7,403.7
2025-12-29,P19,89,6.7,595.7
2025-12-29,P20,58,5.5,319.7
2025-12-30,P01,70,7.1,498.6
2025-12-30,P02,51,9.0,460.4
2025-12-30,P03,59,6.0,353.2
2025-12-30,P04,51,4.1,206.7
2025-12-30,P05,57,4.5,259.0
2025-12-30,P06,66,4.5,299.1
2025-12-30,P07,88,4.8,424.6
2025-12-30,P08,57,5.4,308.4
2025-12-30,P09,94,6.3,594.3
2025-12-30,P10,73,3.9,281.1
2025-12-30,P11,52,4.1,212.3
2025-12-30,P12,101,6.8,686.4
2025-12-30,P13,57,5.2,293.7
2025-12-30,P14,58,4.7,270.9
2025-12-30,P15,84,5.6,467.8
2025-12-30,P16,116,7.9,913.6
2025-12-30,P17,101,7.0,707.7
2025-12-30,P18,66,6.9,455.2
2025-12-30,P19,68,8.4,574.3
2025-12-30,P20,83,6.4,530.7
2026-01-01,P01,77,8.6,663.0
2026-01-01,P02,46,8.8,402.8
2026-01-01,P03,71,3.9,276.2
2026-01-01,P04,59,3.5,207.9
2026-01-01,P05,88,4.4,390.9
2026-01-01,P06,78,7.7,600.7
2026-01-01,P07,61,5.6,341.5
2026-01-01,P08,48,5.4,260.0
2026-01-01,P09,120,7.2,860.0
2026-01-01,P10,69,5.1,350.7
2026-01-01,P11,74,6.2,458.4
2026-01-01,P12,66,6.8,448.5
2026-01-01,P13,55,4.6,250.9
2026-01-01,P14,82,4.2,348.3
2026-01-01,P15,89,6.0,532.1
2026-01-01,P16,38,6.2,234.2
2026-01-01,P17,41,7.0,288.6
2026-01-01,P18,70,8.8,614.4
2026-01-01,P19,96,4.4,423.3
2026-01-01,P20,34,4.9,165.5
2026-01-02,P01,50,8.7,436.9
2026-01-02,P02,74,7.4,547.6
2026-01-02,P03,69,5.7,395.4
2026-01-02,P04,74,7.7,566.8
2026-01-02,P05,81,4.4,357.5
2026-01-02,P06,107,5.6,595.0
2026-01-02,P07,65,1.8,114.1
2026-01-02,P08,87,6.2,535.2
2026-01-02,P09,76,5.4,410.1
2026-01-02,P10,63,5.4,343.1
2026-01-02,P11,84,7.0,584.5
2026-01-02,P12,70,7.4,519.6
2026-01-02,P13,73,5.2,382.8
2026-01-02,P14,78,4.0,309.0
2026-01-02,P15,79,3.7,291.3
2026-01-02,P16,54,3.0,160.5
2026-01-02,P17,71,8.4,597.4
2026-01-02,P18,72,7.0,501.5
2026-01-02,P19,120,6.6,792.7
2026-01-02,P20,59,5.1,298.5
2026-01-05,P01,75,5.1,378.8
2026-01-05,P02,63,7.5,471.1
2026-01-05,P03,95,3.5,335.3
2026-01-05,P04,58,5.3,307.6
2026-01-05,P05,86,7.7,663.5
2026-01-05,P06,120,5.3,636.2
2026-01-05,P07,66,6.9,454.3
2026-01-05,P08,61,5.8,353.1
2026-01-05,P09,66,2.1,136.5
2026-01-05,P10,77,5.7,440.9
2026-01-05,P11,100,6.0,600.8
2026-01-05,P12,49,5.6,275.0
2026-01-05,P13,33,4.2,138.1
2026-01-05,P14,87,5.6,489.7
2026-01-05,P15,93,3.0,283.6
2026-01-05,P16,70,5.3,370.1
2026-01-05,P17,94,7.0,658.9
2026-01-05,P18,87,8.3,723.2
2026-01-05,P19,67,8.0,536.2
2026-01-05,P20,54,4.4,236.4
2026-01-06,P01,90,3.7,336.9
2026-01-06,P02,86,6.2,529.1
2026-01-06,P03,96,5.9,567.4
2026-01-06,P04,76,6.8,514.1
2026-01-06,P05,61,4.9,301.4
2026-01-06,P06,84,6.0,500.3
2026-01-06,P07,66,5.9,387.8
2026-01-06,P08,106,5.3,565.6
2026-01-06,P09,65,3.4,223.5
2026-01-06,P10,74,7.0,516.9
2026-01-06,P11,91,6.2,560.8
2026-01-06,P12,94,7.1,667.1
2026-01-06,P13,97,7.5,725.2
2026-01-06,P14,106,5.7,609.0
2026-01-06,P15,48,7.0,335.8
2026-01-06,P16,90,8.4,751.9
2026-01-06,P17,100,8.9,891.8
2026-01-06,P18,87,6.3,551.9
2026-01-06,P19,47,6.5,303.7
2026-01-06,P20,63,6.3,398.0
2026-01-08,P01,76,6.7,509.8
2026-01-08,P02,73,7.4,540.4
2026-01-08,P03,30,6.3,188.5
2026-01-08,P04,99,8.8,871.7
2026-01-08,P05,89,8.5,758.9
2026-01-08,P06,78,6.0,468.3
2026-01-08,P07,85,6.0,509.6
2026-01-08,P08,59,5.2,308.4
2026-01-08,P09,52,6.8,353.2
2026-01-08,P10,75,5.5,409.5
2026-01-08,P11,63,6.8,425.7
2026-01-08,P12,90,4.3,387.4
2026-01-08,P13,49,7.4,364.2
2026-01-08,P14,47,6.8,320.6
2026-01-08,P15,107,8.4,901.9
2026-01-08,P16,89,7.1,628.6
2026-01-08,P17,120,2.5,299.8
2026-01-08,P18,65,7.3,472.7
2026-01-08,P19,68,7.9,534.5
2026-01-08,P20,74,6.2,458.6
2026-01-09,P01,69,5.2,359.9
2026-01-09,P02,64,6.4,410.0
2026-01-09,P03,59,7.4,438.4
2026-01-09,P04,88,7.6,673.1
2026-01-09,P05,52,3.5,179.4
2026-01-09,P06,74,10.0,740.0
2026-01-09,P07,100,5.2,516.8
2026-01-09,P08,83,7.1,588.6
2026-01-09,P09,47,8.1,378.6
2026-01-09,P10,71,5.9,416.3
2026-01-09,P11,75,7.7,578.8
2026-01-09,P12,59,3.4,202.9
2026-01-09,P13,81,2.9,237.7
2026-01-09,P14,68,7.8,529.1
2026-01-09,P15,86,7.6,650.5
2026-01-09,P16,87,9.6,836.5
2026-01-09,P17,63,6.6,415.6
2026-01-09,P18,66,7.4,490.7
2026-01-09,P19,73,8.6,626.2
2026-01-09,P20,64,8.1,519.1
2026-01-12,P01,86,6.0,511.8
2026-01-12,P02,85,6.4,543.3
2026-01-12,P03,82,5.7,466.6
2026-01-12,P04,60,5.5,329.8
2026-01-12,P05,41,7.3,297.8
2026-01-12,P06,50,5.7,283.7
2026-01-12,P07,87,7.3,631.5
2026-01-12,P08,39,5.9,228.6
2026-01-12,P09,84,6.1,510.6
2026-01-12,P10,101,4.8,481.5
2026-01-12,P11,34,7.2,245.3
2026-01-12,P12,64,3.4,215.2
2026-01-12,P13,71,7.8,557.1
2026-01-12,P14,49,9.5,465.7
2026-01-12,P15,58,6.1,355.6
2026-01-12,P16,50,6.1,303.1
2026-01-12,P17,72,3.8,271.1
2026-01-12,P18,120,5.3,630.8
2026-01-12,P19,65,7.5,484.5
2026-01-12,P20,111,7.7,853.6
2026-01-13,P01,50,6.3,316.0
2026-01-13,P02,37,7.4,272.0
2026-01-13,P03,42,4.8,201.4
2026-01-13,P04,74,6.7,493.4
2026-01-13,P05,69,8.3,571.2
2026-01-13,P06,89,7.0,620.1
2026-01-13,P07,50,8.5,427.5
2026-01-13,P08,58,8.6,499.2
2026-01-13,P09,115,6.8,778.4
2026-01-13,P10,95,1.4,130.7
2026-01-13,P11,71,7.7,543.4
2026-01-13,P12,93,4.2,387.8
2026-01-13,P13,69,2.2,151.5
2026-01-13,P14,83,3.2,263.5
2026-01-13,P15,97,7.8,754.1
2026-01-13,P16,65,6.8,440.8
2026-01-13,P17,70,6.4,445.4
2026-01-13,P18,52,6.9,360.6
2026-01-13,P19,42,3.3,136.7
2026-01-13,P20,72,5.7,409.2
2026-01-15,P01,80,5.0,402.1
2026-01-15,P02,112,6.2,699.0
2026-01-15,P03,79,6.3,497.4
2026-01-15,P04,95,6.9,652.1
2026-01-15,P05,83,7.1,589.6
2026-01-15,P06,38,3.3,126.1
2026-01-15,P07,73,5.7,416.4
2026-01-15,P08,86,6.0,518.6
2026-01-15,P09,86,4.1,355.3
2026-01-15,P10,74,4.0,295.1
2026-01-15,P11,82,3.2,261.0
2026-01-15,P12,81,3.8,307.5
2026-01-15,P13,67,7.3,491.9
2026-01-15,P14,79,3.5,279.0
2026-01-15,P15,61,3.7,228.6
2026-01-15,P16,41,6.2,253.2
2026-01-15,P17,86,6.7,572.8
2026-01-15,P18,87,6.0,520.4
2026-01-15,P19,69,4.4,302.9
2026-01-15,P20,66,4.0,265.2
2026-01-16,P01,58,6.1,355.7
2026-01-16,P02,72,10.0,720.0
2026-01-16,P03,48,5.8,279.0
2026-01-16,P04,46,5.4,249.2
2026-01-16,P05,68,7.3,494.2
2026-01-16,P06,66,5.7,377.1
2026-01-16,P07,66,3.9,257.3
2026-01-16,P08,61,5.4,331.1
2026-01-16,P09,76,6.8,519.7
2026-01-16,P10,70,5.6,393.5
2026-01-16,P11,40,6.8,272.4
2026-01-16,P12,61,7.1,434.4
2026-01-16,P13,101,5.7,577.5
2026-01-16,P14,54,6.0,322.6
2026-01-16,P15,81,5.5,447.7
2026-01-16,P16,63,6.8,431.3
2026-01-16,P17,84,5.5,460.4
2026-01-16,P18,41,6.7,274.1
2026-01-16,P19,59,6.3,373.0
2026-01-16,P20,78,3.2,247.0
2026-01-19,P01,76,6.8,514.7
2026-01-19,P02,87,6.2,537.3
2026-01-19,P03,35,7.9,277.0
2026-01-19,P04,83,4.2,348.2
2026-01-19,P05,59,6.3,374.5
2026-01-19,P06,88,5.3,463.6
2026-01-19,P07,91,3.3,301.3
2026-01-19,P08,54,2.9,156.8
2026-01-19,P09,57,8.3,470.9
2026-01-19,P10,116,6.4,736.8
2026-01-19,P11,62,5.7,351.4
2026-01-19,P12,84,3.7,307.1
2026-01-19,P13,63,8.2,513.6
2026-01-19,P14,54,4.9,263.3
2026-01-19,P15,75,6.4,481.9
2026-01-19,P16,62,6.1,379.2
2026-01-19,P17,87,8.9,778.0
2026-01-19,P18,72,5.9,427.5
2026-01-19,P19,105,5.2,543.5
2026-01-19,P20,48,6.4,306.0
2026-01-20,P01,96,6.5,628.0
2026-01-20,P02,73,3.8,279.4
2026-01-20,P03,73,7.8,573.0
2026-01-20,P04,50,5.6,281.6
2026-01-20,P05,67,5.0,331.9
2026-01-20,P06,79,6.7,526.5
2026-01-20,P07,83,4.5,376.4
2026-01-20,P08,42,6.4,268.5
2026-01-20,P09,64,8.8,560.5
2026-01-20,P10,112,9.0,1006.4
2026-01-20,P11,56,6.9,383.8
2026-01-20,P12,92,7.1,656.7
2026-01-20,P13,67,7.9,530.6
2026-01-20,P14,75,6.2,464.4
2026-01-20,P15,44,7.0,306.6
2026-01-20,P16,69,6.7,462.1
2026-01-20,P17,79,6.3,495.4
2026-01-20,P18,74,7.2,531.3
2026-01-20,P19,71,3.8,271.0
2026-01-20,P20,86,4.8,411.6
2026-01-22,P01,48,4.5,214.4
2026-01-22,P02,80,5.9,468.4
2026-01-22,P03,32,5.4,173.6
2026-01-22,P04,98,5.3,521.7
2026-01-22,P05,71,7.6,537.1
2026-01-22,P06,90,7.5,677.9
2026-01-22,P07,30,8.6,258.0
2026-01-22,P08,87,9.7,843.2
2026-01-22,P09,59,3.4,197.9
2026-01-22,P10,75,5.6,419.0
2026-01-22,P11,88,7.6,669.9
2026-01-22,P12,73,5.6,411.6
2026-01-22,P13,85,5.6,477.3
2026-01-22,P14,68,7.6,513.8
2026-01-22,P15,100,7.6,762.6
2026-01-22,P16,71,2.8,198.1
2026-01-22,P17,72,4.9,350.1
2026-01-22,P18,72,5.0,359.5
2026-01-22,P19,74,4.4,328.6
2026-01-22,P20,49,7.8,383.9
2026-01-23,P01,55,6.0,330.0
2026-01-23,P02,94,7.4,692.9
2026-01-23,P03,90,6.5,580.9
2026-01-23,P04,89,8.1,717.3
2026-01-23,P05,83,3.2,269.3
2026-01-23,P06,64,7.0,450.9
2026-01-23,P07,62,8.4,522.7
2026-01-23,P08,73,6.1,447.3
2026-01-23,P09,97,5.7,555.4
2026-01-23,P10,78,7.3,573.2
2026-01-23,P11,45,5.6,250.7
2026-01-23,P12,91,6.1,555.0
2026-01-23,P13,104,3.6,378.2
2026-01-23,P14,41,7.2,293.3
2026-01-23,P15,92,5.7,525.3
2026-01-23,P16,83,7.1,590.8
2026-01-23,P17,58,4.9,286.5
2026-01-23,P18,78,7.4,573.8
2026-01-23,P19,51,5.7,290.9
2026-01-23,P20,70,6.6,463.9
2026-01-26,P01,74,5.2,383.4
2026-01-26,P02,99,5.2,513.9
2026-01-26,P03,69,3.6,249.3
2026-01-26,P04,60,6.8,406.4
2026-01-26,P05,81,6.9,558.8
2026-01-26,P06,86,9.1,785.3
2026-01-26,P07,60,3.6,214.3
2026-01-26,P08,53,4.9,262.1
2026-01-26,P09,55,6.1,337.7
2026-01-26,P10,100,8.3,830.9
2026-01-26,P11,85,9.2,783.0
2026-01-26,P12,67,3.6,237.9
2026-01-26,P13,96,3.2,311.2
2026-01-26,P14,59,6.8,400.0
2026-01-26,P15,72,5.7,411.4
2026-01-26,P16,51,6.0,305.2
2026-01-26,P17,95,6.0,572.8
2026-01-26,P18,58,4.1,239.5
2026-01-26,P19,58,6.6,382.1
2026-01-26,P20,81,4.8,388.7
2026-01-27,P01,30,6.6,198.9
2026-01-27,P02,57,7.0,400.9
2026-01-27,P03,59,4.5,266.6
2026-01-27,P04,78,9.5,743.9
2026-01-27,P05,89,6.2,552.2
2026-01-27,P06,82,3.4,276.6
2026-01-27,P07,52,2.2,116.1
2026-01-27,P08,109,8.3,903.7
2026-01-27,P09,82,6.2,508.6
2026-01-27,P10,43,5.7,243.9
2026-01-27,P11,110,6.2,681.7
2026-01-27,P12,63,3.4,211.9
2026-01-27,P13,102,5.9,601.3
2026-01-27,P14,39,4.6,179.9
2026-01-27,P15,49,5.8,284.3
2026-01-27,P16,79,5.2,414.4
2026-01-27,P17,90,6.1,550.6
2026-01-27,P18,96,5.5,524.6
2026-01-27,P19,120,5.2,618.4
2026-01-27,P20,56,4.5,249.8
2026-01-29,P01,70,3.4,239.4
2026-01-29,P02,80,3.1,251.4
2026-01-29,P03,78,4.0,309.9
2026-01-29,P04,67,6.9,462.8
2026-01-29,P05,120,4.4,526.0
2026-01-29,P06,71,4.9,348.9
2026-01-29,P07,57,4.9,280.9
2026-01-29,P08,91,5.3,479.4
2026-01-29,P09,119,6.6,788.3
2026-01-29,P10,54,5.4,294.3
2026-01-29,P11,58,7.2,417.6
2026-01-29,P12,42,4.0,167.5
2026-01-29,P13,63,7.0,442.5
2026-01-29,P14,99,8.1,799.0
2026-01-29,P15,85,5.9,499.4
2026-01-29,P16,90,4.3,385.5
2026-01-29,P17,38,6.7,252.9
2026-01-29,P18,54,5.9,318.7
2026-01-29,P19,77,6.4,490.7
2026-01-29,P20,93,7.2,674.1
2026-01-30,P01,78,5.3,416.3
2026-01-30,P02,77,5.1,393.1
2026-01-30,P03,71,9.9,704.8
2026-01-30,P04,78,6.7,520.7
2026-01-30,P05,60,7.5,451.8
2026-01-30,P06,90,7.2,643.6
2026-01-30,P07,79,7.6,596.6
2026-01-30,P08,100,6.4,642.5
2026-01-30,P09,72,7.3,528.6
2026-01-30,P10,56,4.9,275.7
2026-01-30,P11,73,3.4,247.3
2026-01-30,P12,91,4.6,414.6
2026-01-30,P13,65,5.7,369.2
2026-01-30,P14,75,5.5,411.3
2026-01-30,P15,73,5.9,431.5
2026-01-30,P16,66,4.8,319.5
2026-01-30,P17,96,2.8,273.0
2026-01-30,P18,70,5.3,370.8
2026-01-30,P19,83,3.8,316.9
2026-01-30,P20,65,5.8,380.0
2026-02-02,P01,96,6.5,623.8
2026-02-02,P02,51,5.3,268.7
2026-02-02,P03,92,4.2,386.3
2026-02-02,P04,73,6.0,437.0
2026-02-02,P05,67,10.0,670.0
2026-02-02,P06,66,6.7,440.5
2026-02-02,P07,59,6.8,400.7
2026-02-02,P08,92,5.1,470.9
2026-02-02,P09,73,4.7,340.0
2026-02-02,P10,52,7.6,392.9
2026-02-02,P11,63,2.4,149.9
2026-02-02,P12,110,4.8,527.7
2026-02-02,P13,70,8.5,592.3
2026-02-02,P14,72,5.8,414.4
2026-02-02,P15,50,3.5,177.4
2026-02-02,P16,71,6.5,464.6
2026-02-02,P17,81,5.3,427.5
2026-02-02,P18,75,3.2,243.3
2026-02-02,P19,84,6.2,524.3
2026-02-02,P20,114,6.0,685.3
2026-02-03,P01,56,5.9,331.7
2026-02-03,P02,68,6.7,452.3
2026-02-03,P03,75,4.1,308.3
2026-02-03,P04,42,6.4,268.6
2026-02-03,P05,102,6.1,624.1
2026-02-03,P06,91,7.5,684.2
2026-02-03,P07,80,4.8,382.3
2026-02-03,P08,78,7.8,609.2
2026-02-03,P09,85,7.1,605.4
2026-02-03,P10,65,5.7,370.3
2026-02-03,P11,72,5.9,426.5
2026-02-03,P12,98,2.5,243.0
2026-02-03,P13,75,5.9,441.1
2026-02-03,P14,47,7.0,329.4
2026-02-03,P15,60,5.5,327.9
2026-02-03,P16,111,7.5,834.2
2026-02-03,P17,86,6.6,565.1
2026-02-03,P18,71,9.0,638.9
2026-02-03,P19,91,4.9,443.7
2026-02-03,P20,46,6.9,315.1
2026-02-05,P01,73,3.9,281.5
2026-02-05,P02,83,5.6,464.5
2026-02-05,P03,85,6.7,566.3
2026-02-05,P04,62,6.9,430.9
2026-02-05,P05,65,5.4,347.8
2026-02-05,P06,64,7.7,492.6
2026-02-05,P07,69,8.1,556.0
2026-02-05,P08,110,4.9,538.1
2026-02-05,P09,30,7.6,227.0
2026-02-05,P10,68,4.7,319.6
2026-02-05,P11,63,5.4,338.8
2026-02-05,P12,100,6.2,624.0
2026-02-05,P13,100,6.7,674.1
2026-02-05,P14,68,5.4,368.2
2026-02-05,P15,86,7.2,621.8
2026-02-05,P16,94,5.6,527.1
2026-02-05,P17,78,6.9,536.3
2026-02-05,P18,67,4.3,287.9
2026-02-05,P19,58,5.6,327.0
2026-02-05,P20,88,7.9,694.2
2026-02-06,P01,47,5.1,239.9
2026-02-06,P02,67,7.2,481.9
2026-02-06,P03,64,5.4,342.7
2026-02-06,P04,46,6.7,309.4
2026-02-06,P05,71,5.0,356.3
2026-02-06,P06,69,7.7,530.6
2026-02-06,P07,54,4.7,255.8
2026-02-06,P08,100,6.1,611.4
2026-02-06,P09,88,6.6,581.0
2026-02-06,P10,74,5.5,405.3
2026-02-06,P11,91,7.7,704.7
2026-02-06,P12,96,4.2,405.3
2026-02-06,P13,101,5.5,551.8
2026-02-06,P14,59,5.7,339.0
2026-02-06,P15,91,6.8,619.8
2026-02-06,P16,69,7.3,500.7
2026-02-06,P17,77,5.1,395.8
2026-02-06,P18,60,6.6,396.9
2026-02-06,P19,73,3.9,287.4
2026-02-06,P20,91,5.3,480.4
2026-02-09,P01,106,3.9,412.9
2026-02-09,P02,71,5.0,351.5
2026-02-09,P03,55,5.3,289.8
2026-02-09,P04,110,6.2,683.7
2026-02-09,P05,59,3.3,192.2
2026-02-09,P06,40,5.2,207.8
2026-02-09,P07,62,5.7,351.2
2026-02-09,P08,30,5.9,175.9
2026-02-09,P09,95,8.4,801.3
2026-02-09,P10,37,4.8,177.5
2026-02-09,P11,57,6.2,354.5
2026-02-09,P12,50,8.5,426.2
2026-02-09,P13,75,5.8,436.1
2026-02-09,P14,106,6.0,633.4
2026-02-09,P15,83,4.9,404.5
2026-02-09,P16,47,5.1,239.0
2026-02-09,P17,118,6.9,820.0
2026-02-09,P18,80,4.5,362.8
2026-02-09,P19,93,4.0,368.6
2026-02-09,P20,43,5.2,222.0
2026-02-10,P01,114,8.8,1008.5
2026-02-10,P02,65,5.0,324.3
2026-02-10,P03,42,6.1,256.9
2026-02-10,P04,78,7.2,560.4
2026-02-10,P05,93,5.7,530.5
2026-02-10,P06,86,4.9,425.6
2026-02-10,P07,85,5.2,445.3
2026-02-10,P08,84,6.6,551.7
2026-02-10,P09,76,7.2,546.6
2026-02-10,P10,43,4.4,189.3
2026-02-10,P11,69,3.8,264.6
2026-02-10,P12,66,5.4,358.9
2026-02-10,P13,101,6.2,627.6
2026-02-10,P14,95,6.5,613.0
2026-02-10,P15,64,6.2,396.8
2026-02-10,P16,89,7.8,693.3
2026-02-10,P17,72,3.5,254.1
2026-02-10,P18,40,5.5,220.4
2026-02-10,P19,30,8.7,260.8
2026-02-10,P20,86,5.0,434.0
2026-02-12,P01,52,7.5,392.2
2026-02-12,P02,52,4.5,232.6
2026-02-12,P03,59,6.2,364.1
2026-02-12,P04,87,7.8,677.6
2026-02-12,P05,95,6.0,570.1
2026-02-12,P06,95,5.0,474.4
2026-02-12,P07,38,5.0,189.7
2026-02-12,P08,58,5.1,293.0
2026-02-12,P09,55,5.3,292.0
2026-02-12,P10,87,8.6,745.8
2026-02-12,P11,40,4.1,162.7
2026-02-12,P12,59,7.1,421.8
2026-02-12,P13,70,4.9,344.0
2026-02-12,P14,89,7.4,661.7
2026-02-12,P15,74,4.8,353.4
2026-02-12,P16,80,5.7,452.0
2026-02-12,P17,70,5.2,366.2
2026-02-12,P18,93,6.4,592.9
2026-02-12,P19,95,8.0,760.4
2026-02-12,P20,84,5.2,440.2
2026-02-13,P01,95,6.7,636.4
2026-02-13,P02,120,6.5,775.8
2026-02-13,P03,88,6.4,566.3
2026-02-13,P04,73,5.6,409.7
2026-02-13,P05,80,6.8,542.5
2026-02-13,P06,98,6.5,633.4
2026-02-13,P07,65,5.5,358.1
2026-02-13,P08,48,8.5,407.6
2026-02-13,P09,64,7.5,476.9
2026-02-13,P10,80,6.5,516.4
2026-02-13,P11,72,4.8,346.9
2026-02-13,P12,55,8.6,472.6
2026-02-13,P13,77,7.7,592.0
2026-02-13,P14,102,5.4,549.1
2026-02-13,P15,83,6.1,503.6
2026-02-13,P16,51,5.7,291.8
2026-02-13,P17,86,5.3,451.6
2026-02-13,P18,68,5.7,390.3
2026-02-13,P19,117,3.2,380.1
2026-02-13,P20,85,5.6,477.7
2026-02-16,P01,62,5.6,346.2
2026-02-16,P02,88,7.1,623.6
2026-02-16,P03,78,7.6,595.9
2026-02-16,P04,100,7.2,722.5
2026-02-16,P05,64,6.7,431.5
2026-02-16,P06,84,4.8,401.2
2026-02-16,P07,43,3.0,127.5
2026-02-16,P08,76,6.4,490.0
2026-02-16,P09,51,7.6,386.0
2026-02-16,P10,78,8.0,625.9
2026-02-16,P11,82,4.4,360.8
2026-02-16,P12,84,7.0,588.4
2026-02-16,P13,64,3.8,245.6
2026-02-16,P14,77,4.5,346.4
2026-02-16,P15,97,5.4,522.8
2026-02-16,P16,109,2.8,306.7
2026-02-16,P17,77,8.1,627.1
2026-02-16,P18,57,5.8,328.4
2026-02-16,P19,66,5.0,328.3
2026-02-16,P20,79,4.1,320.5
2026-02-17,P01,72,6.8,487.7
2026-02-17,P02,70,4.5,315.0
2026-02-17,P03,95,7.1,674.1
2026-02-17,P04,54,4.1,219.2
2026-02-17,P05,55,6.8,375.0
2026-02-17,P06,80,7.2,574.8
2026-02-17,P07,68,4.6,313.7
2026-02-17,P08,93,5.2,480.8
2026-02-17,P09,78,3.7,286.7
2026-02-17,P10,63,7.5,473.4
2026-02-17,P11,60,7.2,433.3
2026-02-17,P12,30,5.2,154.8
2026-02-17,P13,71,8.6,611.6
2026-02-17,P14,51,7.0,357.3
2026-02-17,P15,96,4.9,472.1
2026-02-17,P16,67,6.2,416.2
2026-02-17,P17,45,5.3,239.3
2026-02-17,P18,100,6.8,678.4
2026-02-17,P19,71,6.2,438.0
2026-02-17,P20,86,7.2,615.6
2026-02-19,P01,63,8.3,523.0
2026-02-19,P02,101,7.0,708.6
2026-02-19,P03,58,4.5,259.2
2026-02-19,P04,68,6.1,414.2
2026-02-19,P05,39,6.7,262.9
2026-02-19,P06,100,6.9,686.5
2026-02-19,P07,61,4.8,293.3
2026-02-19,P08,80,5.8,461.6
2026-02-19,P09,83,6.9,572.9
2026-02-19,P10,96,4.3,413.0
2026-02-19,P11,79,5.5,430.9
2026-02-19,P12,73,7.3,532.7
2026-02-19,P13,94,8.1,761.2
2026-02-19,P14,83,5.8,484.3
2026-02-19,P15,69,3.4,234.5
2026-02-19,P16,101,5.5,557.2
2026-02-19,P17,85,7.0,596.6
2026-02-19,P18,50,4.6,230.7
2026-02-19,P19,105,6.4,675.7
2026-02-19,P20,63,5.8,366.1
2026-02-20,P01,96,7.4,710.5
2026-02-20,P02,45,8.5,380.3
2026-02-20,P03,94,5.8,542.5
2026-02-20,P04,51,7.6,386.6
2026-02-20,P05,84,3.8,320.3
2026-02-20,P06,70,10.0,700.0
2026-02-20,P07,75,4.9,366.5
2026-02-20,P08,54,8.7,467.5
2026-02-20,P09,91,8.1,738.1
2026-02-20,P10,79,7.9,622.6
2026-02-20,P11,58,6.2,362.1
2026-02-20,P12,80,8.1,645.9
2026-02-20,P13,81,5.1,410.0
2026-02-20,P14,76,3.5,264.9
2026-02-20,P15,30,7.2,217.4
2026-02-20,P16,67,5.6,375.7
2026-02-20,P17,91,8.1,736.7
2026-02-20,P18,85,8.9,755.8
2026-02-20,P19,85,6.5,548.5
2026-02-20,P20,79,4.1,321.7
